customer_id,customer_name,customer_age,customer_email,customer_address,customer_city,electric_meter_id,electric_usage_kwh,electric_bill_amount,water_meter_id,water_usage_gallons,water_bill_amount,payment_date,payment_amount,payment_method,payment_status,service_start_date,service_end_date
1,Anderea Lambswood,72,alambswood0@yandex.ru,"10 Sampaguita St., Brgy. Tondo",Manila,1,97.07,"?1,313.38",1,360.75,?141.45,6/13/2021,"?1,454.83",Debit Card,FALSE,12/13/2021,6/5/2021
2,Saba Oylett,19,soylett1@soup.io,"47 Mabini St., Brgy. Sampaloc",Manila,2,436.28,"?5,553.50",2,474.2,?160.78,5/27/2021,"?5,142.85",Debit Card,TRUE,2/21/2021,9/25/2021
3,Prudence Suddick,67,psuddick2@xrea.com,"84 Rizal Ave., Brgy. Bago Bantay",Quezon City,3,101.49,"?1,368.63",3,143.6,?104.46,6/7/2021,"?1,473.09",Bank Transfer,FALSE,9/2/2021,3/27/2021
4,Innis Kimbury,41,ikimbury3@ovh.net,"121 Narra St., Brgy. Commonwealth",Quezon City,4,673.72,"?8,521.50",4,442.17,?155.32,8/9/2021,"?7,809.14",Bank Transfer,TRUE,11/27/2021,9/4/2021
5,Tyson Wreath,46,twreath4@microsoft.com,"158 Molave St., Brgy. Pembo",Taguig,5,736.1,"?9,301.25",5,431.87,?153.57,3/21/2021,"?9,454.82",Credit Card,TRUE,9/4/2021,5/27/2021
6,Alexio Maggiore,60,amaggiore5@cbc.ca,"195 Acacia St., Brgy. Western Bicutan",Taguig,6,926.46,"?11,680.75",6,245.16,?121.76,3/26/2021,"?10,622.26",Bank Transfer,FALSE,4/8/2021,4/11/2021
7,Mikaela Revan,29,mrevan6@webs.com,"232 Luna St., Brgy. Poblacion",Makati,7,978.66,"?12,333.25",7,284.82,?128.52,1/5/2021,"?12,461.77",Debit Card,FALSE,1/24/2021,5/4/2021
8,Adlai Chainey,47,achainey7@sciencedirect.com,"269 Bonifacio St., Brgy. Bangkal",Makati,8,637.96,"?8,074.50",8,90.29,?95.38,10/25/2021,"?7,352.89",Credit Card,TRUE,2/25/2021,5/11/2021
9,Chalmers Hayto,98,chayto8@blinklist.com,"306 Kalayaan Ave., Brgy. Malibay",Pasay,9,268.93,"?3,461.63",9,192.82,?112.85,12/22/2021,"?3,574.48",Bank Transfer,FALSE,7/24/2021,3/20/2021
10,Marylynne Bynold,18,mbynold9@wikimedia.org,"343 Maharlika St., Brgy. Longos",Malabon,10,869,"?10,962.50",10,67.1,?91.43,8/18/2021,"?9,948.54",Debit Card,FALSE,5/26/2021,10/15/2021
11,Selma Balstone,90,sbalstonea@ehow.com,"380 Camia St., Brgy. San Roque",Navotas,11,194.56,"?2,532.00",11,487.53,?163.05,8/12/2021,"?2,695.05",Debit Card,FALSE,2/12/2021,8/5/2021
12,Johannes Perrott,44,jperrottb@chronoengine.com,"417 Ilang-Ilang St., Brgy. Ugong",Valenzuela,12,812.29,"?10,253.63",12,58.33,?89.94,11/14/2021,"?9,309.21",Debit Card,TRUE,1/30/2021,5/3/2021
13,Georgeanna Tammadge,93,gtammadgec@alexa.com,"454 Sampaguita St., Brgy. Concepcion Uno",Marikina,13,863.33,"?10,891.63",13,354.85,?140.45,1/24/2021,"?11,032.08",Credit Card,TRUE,10/22/2021,4/6/2021
14,Vivian Alvarado,34,valvaradod@youtube.com,"491 Mabini St., Brgy. Kapitolyo",Pasig,14,719.78,"?9,097.25",14,195.42,?113.29,10/4/2021,"?8,289.49",Credit Card,TRUE,7/16/2021,6/7/2021
15,Waldemar Honatsch,27,whonatsche@nba.com,"528 Rizal Ave., Brgy. Plainview",Mandaluyong,15,934.5,"?11,781.25",15,333.35,?136.78,1/18/2021,"?11,918.03",Bank Transfer,FALSE,6/3/2021,7/28/2021
16,Karina Lukasen,51,klukasenf@cdc.gov,"565 Narra St., Brgy. Baclaran",Parañaque,16,800.77,"?10,109.63",16,342.33,?138.31,1/14/2021,"?9,223.15",Debit Card,TRUE,3/14/2021,5/11/2021
17,Herc Slafford,55,hslaffordg@dedecms.com,"602 Molave St., Brgy. Almanza Uno",Las Piñas,17,94.48,"?1,281.00",17,46.39,?87.90,7/10/2021,"?1,368.90",Debit Card,FALSE,10/19/2021,1/5/2021
18,Ezequiel Alejo,74,ealejoh@wix.com,"639 Acacia St., Brgy. Potrero",Malabon,18,590.34,"?7,479.25",18,406.03,?149.16,3/1/2021,"?6,865.57",Bank Transfer,TRUE,1/28/2021,8/1/2021
19,Dacey Hatherleigh,21,dhatherleighi@bluehost.com,"676 Luna St., Brgy. Bagumbayan",Taguig,19,661.28,"?8,366.00",19,264.92,?125.13,3/31/2021,"?8,491.13",Debit Card,FALSE,1/21/2021,3/1/2021
20,Town Kennet,71,tkennetj@adobe.com,"713 Bonifacio St., Brgy. Kaunlaran",Caloocan,20,819.73,"?10,346.63",20,209.39,?115.67,7/21/2021,"?9,416.07",Credit Card,FALSE,8/20/2021,6/20/2021
21,Dominick Camis,34,dcamisk@wp.com,"750 Kalayaan Ave., Brgy. Poblacion",Muntinlupa,21,187.74,"?2,446.75",21,54.86,?89.35,4/23/2021,"?2,536.10",Debit Card,TRUE,2/27/2021,11/15/2021
22,Margalo Fagan,74,mfaganl@stumbleupon.com,"787 Maharlika St., Brgy. San Pedro",Pateros,22,847.46,"?10,693.25",22,458.38,?158.08,1/9/2021,"?9,766.20",Debit Card,TRUE,9/4/2021,9/12/2021
23,Dorree Laban,74,dlabanm@epa.gov,"824 Camia St., Brgy. San Antonio",San Juan,23,780.73,"?9,859.13",23,236.18,?120.23,7/20/2021,"?9,979.36",Debit Card,FALSE,2/23/2021,6/25/2021
24,Corbett Lindgren,69,clindgrenn@4shared.com,"861 Ilang-Ilang St., Brgy. Tondo",Manila,24,193.72,"?2,521.50",24,348.68,?139.40,1/12/2021,"?2,394.81",Credit Card,FALSE,1/13/2021,3/7/2021
25,Cirstoforo Hallum,25,challumo@studiopress.com,"898 Sampaguita St., Brgy. Sampaloc",Manila,25,683.08,"?8,638.50",25,414.91,?150.68,1/9/2021,"?8,789.18",Bank Transfer,FALSE,6/28/2021,11/21/2021
26,Pippa Ryall,20,pryallp@walmart.com,"935 Mabini St., Brgy. Bago Bantay",Quezon City,26,244.41,"?3,155.13",26,195.97,?113.38,10/20/2021,"?2,941.66",Credit Card,TRUE,3/12/2021,8/3/2021
27,Julianna Durn,59,jdurnq@amazon.de,"972 Rizal Ave., Brgy. Commonwealth",Quezon City,27,425.5,"?5,418.75",27,127.58,?101.73,2/22/2021,"?5,520.48",Bank Transfer,TRUE,6/28/2021,8/11/2021
28,Trumann Sandyfirth,96,tsandyfirthr@histats.com,"20 Narra St., Brgy. Pembo",Taguig,28,462.9,"?5,886.25",28,158.14,?106.94,8/30/2021,"?5,393.87",Debit Card,TRUE,3/17/2021,9/12/2021
29,Cloris Hollyland,95,chollylands@time.com,"57 Molave St., Brgy. Western Bicutan",Taguig,29,829.93,"?10,474.13",29,47.26,?88.05,3/24/2021,"?10,562.18",Credit Card,FALSE,4/24/2021,6/9/2021
30,Farrand Bastow,67,fbastowt@howstuffworks.com,"94 Acacia St., Brgy. Poblacion",Makati,30,723.08,"?9,138.50",30,283.78,?128.34,11/11/2021,"?8,340.16",Credit Card,TRUE,1/7/2021,4/2/2021
31,Laney Fipp,83,lfippu@narod.ru,"131 Luna St., Brgy. Bangkal",Makati,31,388.09,"?4,951.13",31,341.35,?138.15,2/12/2021,"?5,089.28",Debit Card,FALSE,1/19/2021,10/15/2021
32,Knox Iwaszkiewicz,90,kiwaszkiewiczv@sina.com.cn,"168 Bonifacio St., Brgy. Malibay",Pasay,32,9.08,?213.50,32,485.97,?162.78,5/21/2021,?338.65,Credit Card,FALSE,1/17/2021,6/30/2021
33,Trixy Sewards,82,tsewardsw@opera.com,"205 Kalayaan Ave., Brgy. Longos",Malabon,33,550.2,"?6,977.50",33,236.84,?120.34,7/27/2021,"?7,097.84",Credit Card,TRUE,11/11/2021,11/23/2021
34,Abeu Crowdson,24,acrowdsonx@ameblo.jp,"242 Maharlika St., Brgy. San Roque",Navotas,34,700.96,"?8,862.00",34,390.65,?146.54,7/10/2021,"?8,107.69",Debit Card,TRUE,8/24/2021,1/3/2021
35,Loralyn Syson,60,lsysony@shareasale.com,"279 Camia St., Brgy. Ugong",Valenzuela,35,103.23,"?1,390.38",35,301.91,?131.43,8/31/2021,"?1,521.81",Credit Card,FALSE,3/7/2021,2/21/2021
36,Skelly Vlasenko,34,svlasenkoz@sphinn.com,"316 Ilang-Ilang St., Brgy. Concepcion Uno",Marikina,36,338.47,"?4,330.88",36,269.57,?125.92,12/3/2021,"?4,011.12",Bank Transfer,FALSE,1/25/2021,3/31/2021
37,Paige Minchinton,72,pminchinton10@springer.com,"353 Sampaguita St., Brgy. Kapitolyo",Pasig,37,810.86,"?10,235.75",37,50.53,?88.61,5/6/2021,"?10,324.36",Credit Card,TRUE,12/9/2021,3/26/2021
38,Humphrey Trenfield,96,htrenfield11@yellowpages.com,"390 Mabini St., Brgy. Plainview",Mandaluyong,38,378.3,"?4,828.75",38,151.59,?105.82,4/22/2021,"?4,441.11",Bank Transfer,FALSE,7/12/2021,9/5/2021
39,Neila Tewkesbury.,61,ntewkesbury12@cpanel.net,"427 Rizal Ave., Brgy. Baclaran",Parañaque,39,265.47,"?3,418.38",39,103.22,?97.58,9/30/2021,"?3,515.96",Credit Card,TRUE,8/2/2021,6/15/2021
40,Janel Geffinger,39,jgeffinger13@phoca.cz,"464 Narra St., Brgy. Almanza Uno",Las Piñas,40,529,"?6,712.50",40,55.97,?89.53,9/19/2021,"?6,121.83",Bank Transfer,FALSE,11/20/2021,2/22/2021
41,Clive Kruschov,88,ckruschov14@omniture.com,"501 Molave St., Brgy. Potrero",Malabon,41,471.19,"?5,989.88",41,360.49,?141.41,8/29/2021,"?6,131.29",Credit Card,FALSE,8/15/2021,7/6/2021
42,Gabriellia Beteriss,69,gbeteriss15@dion.ne.jp,"538 Acacia St., Brgy. Bagumbayan",Taguig,42,827.07,"?10,438.38",42,369.66,?142.97,1/9/2021,"?9,523.21",Debit Card,FALSE,1/19/2021,12/29/2021
43,Rancell Pero,54,rpero16@cnn.com,"575 Luna St., Brgy. Kaunlaran",Caloocan,43,828.19,"?10,452.38",43,220.9,?117.63,10/11/2021,"?10,570.01",Credit Card,FALSE,7/13/2021,2/4/2021
44,Jane Hovington,29,jhovington17@is.gd,"612 Bonifacio St., Brgy. Poblacion",Muntinlupa,44,928.25,"?11,703.13",44,388.61,?146.20,7/6/2021,"?10,664.40",Bank Transfer,FALSE,8/1/2021,1/30/2021
45,Sylas Hoyte,35,shoyte18@indiatimes.com,"649 Kalayaan Ave., Brgy. San Pedro",Pateros,45,162.8,"?2,135.00",45,418.22,?151.24,8/20/2021,"?2,286.24",Credit Card,TRUE,4/9/2021,6/17/2021
46,Guillema Deetlefs,47,gdeetlefs19@addtoany.com,"686 Maharlika St., Brgy. San Antonio",San Juan,46,351.99,"?4,499.88",46,260.84,?124.43,1/11/2021,"?4,161.88",Debit Card,FALSE,8/25/2021,12/26/2021
47,Marcellina Rickword,100,mrickword1a@gnu.org,"723 Camia St., Brgy. Tondo",Manila,47,692.26,"?8,753.25",47,19.25,?83.28,7/10/2021,"?8,836.53",Credit Card,FALSE,1/6/2021,10/26/2021
48,Theo Eastes,78,teastes1b@edublogs.org,"760 Ilang-Ilang St., Brgy. Sampaloc",Manila,48,853.49,"?10,768.63",48,366.97,?142.51,10/17/2021,"?9,820.03",Debit Card,FALSE,1/10/2021,8/6/2021
49,Daveta Murty,41,dmurty1c@tiny.cc,"797 Sampaguita St., Brgy. Bago Bantay",Quezon City,49,877.42,"?11,067.75",49,435.97,?154.26,7/8/2021,"?11,222.01",Bank Transfer,FALSE,12/19/2021,8/21/2021
50,Udale Zemler,35,uzemler1d@networksolutions.com,"834 Mabini St., Brgy. Commonwealth",Quezon City,50,279.09,"?3,588.62",50,384.87,?145.56,1/3/2021,"?3,360.76",Debit Card,FALSE,7/2/2021,4/7/2021
51,Nickie Jezard,81,njezard1e@forbes.com,"871 Rizal Ave., Brgy. Pembo",Taguig,51,460.41,"?5,855.13",51,206.84,?115.23,11/10/2021,"?5,970.36",Bank Transfer,FALSE,8/28/2021,4/30/2021
52,Richie Cartman,95,rcartman1f@adobe.com,"908 Narra St., Brgy. Western Bicutan",Taguig,52,361.35,"?4,616.88",52,383.85,?145.39,5/12/2021,"?4,286.04",Bank Transfer,FALSE,9/5/2021,3/30/2021
53,Bree Casillas,68,bcasillas1g@loc.gov,"945 Molave St., Brgy. Poblacion",Makati,53,84.85,"?1,160.63",53,34.33,?85.85,6/11/2021,"?1,246.48",Bank Transfer,TRUE,7/25/2021,5/16/2021
54,Morganica Darker,40,mdarker1h@engadget.com,"982 Acacia St., Brgy. Bangkal",Makati,54,141.88,"?1,873.50",54,404.69,?148.94,6/22/2021,"?1,820.20",Bank Transfer,FALSE,9/23/2021,11/28/2021
55,Sinclare Glasspoole,64,sglasspoole1i@spotify.com,"30 Luna St., Brgy. Malibay",Pasay,55,251.01,"?3,237.63",55,111.55,?99.00,6/28/2021,"?3,336.63",Bank Transfer,TRUE,12/17/2021,10/3/2021
56,Jamima Hanhardt,19,jhanhardt1j@skype.com,"67 Bonifacio St., Brgy. Longos",Malabon,56,932.59,"?11,757.38",56,191.49,?112.62,6/15/2021,"?10,683.00",Bank Transfer,TRUE,6/21/2021,7/12/2021
57,Melina Alwood,76,malwood1k@cnn.com,"104 Kalayaan Ave., Brgy. San Roque",Navotas,57,371.61,"?4,745.13",57,487.29,?163.01,1/12/2021,"?4,908.14",Debit Card,TRUE,4/5/2021,4/1/2021
58,Cristobal Ambroisin,54,cambroisin1l@bigcartel.com,"141 Maharlika St., Brgy. Ugong",Valenzuela,58,157.51,"?2,068.88",58,153.2,?106.10,1/23/2021,"?1,957.48",Bank Transfer,TRUE,10/28/2021,4/26/2021
59,Henrieta MacTeggart,36,hmacteggart1m@japanpost.jp,"178 Camia St., Brgy. Concepcion Uno",Marikina,59,930.58,"?11,732.25",59,328.92,?136.03,7/2/2021,"?11,868.28",Debit Card,FALSE,1/29/2021,3/4/2021
60,Albertina Blakesley,55,ablakesley1n@salon.com,"215 Ilang-Ilang St., Brgy. Kapitolyo",Pasig,60,937.27,"?11,815.88",60,238.58,?120.64,5/10/2021,"?10,742.87",Bank Transfer,FALSE,3/19/2021,11/8/2021
61,Karlie Harme,20,kharme1o@craigslist.org,"252 Sampaguita St., Brgy. Plainview",Mandaluyong,61,582.68,"?7,383.50",61,410.16,?149.87,7/10/2021,"?7,533.37",Debit Card,TRUE,1/2/2021,10/3/2021
62,Karla Baylis,39,kbaylis1p@nytimes.com,"289 Mabini St., Brgy. Baclaran",Parañaque,62,713.98,"?9,024.75",62,411.45,?150.09,11/21/2021,"?8,257.36",Bank Transfer,FALSE,8/6/2021,11/25/2021
63,Mina Martineau,70,mmartineau1q@ca.gov,"326 Rizal Ave., Brgy. Almanza Uno",Las Piñas,63,757.41,"?9,567.63",63,459.41,?158.26,5/15/2021,"?9,725.89",Credit Card,FALSE,10/3/2021,12/9/2021
64,Lannie Brownsmith,80,lbrownsmith1r@sourceforge.net,"363 Narra St., Brgy. Potrero",Malabon,64,764.88,"?9,661.00",64,353.14,?140.16,8/15/2021,"?8,821.04",Credit Card,TRUE,6/11/2021,8/19/2021
65,Adoree Gainsford,82,againsford1s@google.com.br,"400 Molave St., Brgy. Bagumbayan",Taguig,65,58.96,?837.00,65,499.38,?165.07,3/29/2021,"?1,002.07",Bank Transfer,TRUE,4/29/2021,10/16/2021
66,Stacy Abrahamovitz,51,sabrahamovitz1t@indiatimes.com,"437 Acacia St., Brgy. Kaunlaran",Caloocan,66,566.65,"?7,183.13",66,271.16,?126.19,7/27/2021,"?6,578.39",Credit Card,TRUE,1/10/2021,4/13/2021
67,Wallie Pirolini,47,wpirolini1u@ucoz.com,"474 Luna St., Brgy. Poblacion",Muntinlupa,67,570.41,"?7,230.13",67,200.66,?114.18,11/30/2021,"?7,344.31",Credit Card,TRUE,1/28/2021,11/8/2021
68,Howard Daniell,26,hdaniell1v@narod.ru,"511 Bonifacio St., Brgy. San Pedro",Pateros,68,221.22,"?2,865.25",68,423.93,?152.21,11/7/2021,"?2,715.71",Credit Card,FALSE,3/26/2021,8/27/2021
69,Gal Dikelin,90,gdikelin1w@51.la,"548 Kalayaan Ave., Brgy. San Antonio",San Juan,69,511.44,"?6,493.00",69,478.89,?161.58,9/6/2021,"?6,654.58",Debit Card,TRUE,11/17/2021,8/27/2021
70,Bobbye Boldero,94,bboldero1x@squidoo.com,"585 Maharlika St., Brgy. Tondo",Manila,70,112.11,"?1,501.38",70,483.53,?162.37,9/6/2021,"?1,497.38",Credit Card,TRUE,12/3/2021,10/28/2021
71,Shanie Stembridge,27,sstembridge1y@senate.gov,"622 Camia St., Brgy. Sampaloc",Manila,71,430.26,"?5,478.25",71,444.3,?155.68,6/5/2021,"?5,633.93",Credit Card,FALSE,3/27/2021,4/5/2021
72,Raine Joncic,56,rjoncic1z@cdc.gov,"659 Ilang-Ilang St., Brgy. Bago Bantay",Quezon City,72,680.22,"?8,602.75",72,317.7,?134.12,6/13/2021,"?7,863.18",Credit Card,TRUE,6/15/2021,3/15/2021
73,Elbertina Yitshak,19,eyitshak20@github.com,"696 Sampaguita St., Brgy. Commonwealth",Quezon City,73,912.64,"?11,508.00",73,273.34,?126.56,9/9/2021,"?11,634.56",Bank Transfer,TRUE,12/10/2021,12/24/2021
74,Marin Hackett,37,mhackett21@about.me,"733 Mabini St., Brgy. Pembo",Taguig,74,651.65,"?8,245.63",74,406.28,?149.21,12/25/2021,"?7,555.36",Debit Card,FALSE,12/16/2021,6/12/2021
75,Liz Casseldine,89,lcasseldine22@aboutads.info,"770 Rizal Ave., Brgy. Western Bicutan",Taguig,75,541.48,"?6,868.50",75,267.29,?125.53,5/10/2021,"?6,994.03",Credit Card,FALSE,5/7/2021,6/10/2021
76,Andriette Cockshutt,44,acockshutt23@google.pl,"807 Narra St., Brgy. Poblacion",Makati,76,76.67,"?1,058.38",76,423.85,?152.20,6/11/2021,"?1,089.52",Bank Transfer,TRUE,8/8/2021,3/1/2021
77,Angelika Cecchi,86,acecchi24@house.gov,"844 Molave St., Brgy. Bangkal",Makati,77,510.58,"?6,482.25",77,262.74,?124.76,12/20/2021,"?6,607.01",Bank Transfer,TRUE,3/7/2021,6/15/2021
78,Aida Reicherz,63,areicherz25@surveymonkey.com,"881 Acacia St., Brgy. Malibay",Pasay,78,743,"?9,387.50",78,404.59,?148.92,7/16/2021,"?8,582.78",Bank Transfer,FALSE,7/6/2021,11/28/2021
79,Nataline Sill,75,nsill26@dailymotion.com,"918 Luna St., Brgy. Longos",Malabon,79,748.4,"?9,455.00",79,135.84,?103.14,1/12/2021,"?9,558.14",Debit Card,TRUE,8/12/2021,2/18/2021
80,Maire Spriggin,29,mspriggin27@springer.com,"955 Bonifacio St., Brgy. San Roque",Navotas,80,103.19,"?1,389.88",80,210.86,?115.92,11/17/2021,"?1,355.22",Bank Transfer,FALSE,5/29/2021,8/22/2021
81,Talyah Coysh,63,tcoysh28@twitpic.com,"992 Kalayaan Ave., Brgy. Ugong",Valenzuela,81,717.65,"?9,070.63",81,307.33,?132.35,11/21/2021,"?9,202.98",Credit Card,TRUE,6/19/2021,10/15/2021
82,Jemimah Atyeo,36,jatyeo29@phpbb.com,"40 Maharlika St., Brgy. Concepcion Uno",Marikina,82,931.96,"?11,749.50",82,302.09,?131.46,11/14/2021,"?10,692.86",Credit Card,FALSE,3/13/2021,5/21/2021
83,Quincy O'Dee,70,qodee2a@xing.com,"77 Camia St., Brgy. Kapitolyo",Pasig,83,393.17,"?5,014.63",83,354.72,?140.42,6/21/2021,"?5,155.05",Bank Transfer,FALSE,1/11/2021,1/11/2021
84,Demott Cuss,59,dcuss2b@deviantart.com,"114 Ilang-Ilang St., Brgy. Plainview",Mandaluyong,84,571.3,"?7,241.25",84,338.92,?137.73,8/10/2021,"?6,641.08",Bank Transfer,TRUE,7/3/2021,12/19/2021
85,Boot Abreheart,56,babreheart2c@parallels.com,"151 Sampaguita St., Brgy. Baclaran",Parañaque,85,675.44,"?8,543.00",85,235.11,?120.05,2/21/2021,"?8,663.05",Debit Card,TRUE,10/1/2021,4/21/2021
86,Timotheus Bucktrout,30,tbucktrout2d@dmoz.org,"188 Mabini St., Brgy. Almanza Uno",Las Piñas,86,908.01,"?11,450.13",86,38.32,?86.53,12/28/2021,"?10,382.99",Credit Card,TRUE,7/7/2021,3/6/2021
87,Kermit Philp,45,kphilp2e@163.com,"225 Rizal Ave., Brgy. Potrero",Malabon,87,472.2,"?6,002.50",87,263.77,?124.93,6/5/2021,"?6,127.43",Credit Card,TRUE,11/13/2021,1/16/2021
88,Debera Cottie,75,dcottie2f@vk.com,"262 Narra St., Brgy. Bagumbayan",Taguig,88,180.2,"?2,352.50",88,45.21,?87.70,1/7/2021,"?2,196.18",Bank Transfer,FALSE,1/16/2021,2/10/2021
89,Thekla Mallender,77,tmallender2g@imgur.com,"299 Molave St., Brgy. Kaunlaran",Caloocan,89,713.06,"?9,013.25",89,95.35,?96.24,9/17/2021,"?9,109.49",Debit Card,FALSE,5/10/2021,10/22/2021
90,Bartlett Cruise,72,bcruise2h@typepad.com,"336 Acacia St., Brgy. Poblacion",Muntinlupa,90,899.04,"?11,338.00",90,191.85,?112.68,5/21/2021,"?10,305.61",Credit Card,FALSE,9/17/2021,2/4/2021
91,Rosanna Guilloton,38,rguilloton2i@yolasite.com,"373 Luna St., Brgy. San Pedro",Pateros,91,145.28,"?1,916.00",91,401.49,?148.39,2/14/2021,"?2,064.39",Bank Transfer,FALSE,4/8/2021,4/5/2021
92,Gabriellia Dimitrov,99,gdimitrov2j@google.com.hk,"410 Bonifacio St., Brgy. San Antonio",San Juan,92,134.36,"?1,779.50",92,129.9,?102.13,5/28/2021,"?1,693.47",Debit Card,FALSE,2/14/2021,6/11/2021
93,Torin Abrehart,64,tabrehart2k@clickbank.net,"447 Kalayaan Ave., Brgy. Tondo",Manila,93,726.05,"?9,175.63",93,9.83,?81.67,11/5/2021,"?9,257.30",Credit Card,FALSE,4/28/2021,4/23/2021
94,Karel Griston,19,kgriston2l@mozilla.org,"484 Maharlika St., Brgy. Sampaloc",Manila,94,411.22,"?5,240.25",94,52.76,?88.99,9/21/2021,"?4,796.32",Debit Card,FALSE,3/11/2021,5/27/2021
95,Basil Prahl,56,bprahl2m@businessweek.com,"521 Camia St., Brgy. Bago Bantay",Quezon City,95,152.17,"?2,002.12",95,177.88,?110.30,7/10/2021,"?2,112.42",Bank Transfer,TRUE,9/4/2021,7/18/2021
96,Izzy Cousin,52,icousin2n@de.vu,"558 Ilang-Ilang St., Brgy. Commonwealth",Quezon City,96,138.82,"?1,835.25",96,85.3,?94.53,10/7/2021,"?1,736.80",Debit Card,TRUE,11/15/2021,12/22/2021
97,Miof mela Kittel,22,mmela2o@latimes.com,"595 Sampaguita St., Brgy. Pembo",Taguig,97,510.8,"?6,485.00",97,293.76,?130.04,12/4/2021,"?6,615.04",Credit Card,FALSE,12/1/2021,12/13/2021
98,Palm Polsin,48,ppolsin2p@cornell.edu,"632 Mabini St., Brgy. Western Bicutan",Taguig,98,803.75,"?10,146.88",98,424.01,?152.23,10/26/2021,"?9,269.20",Debit Card,FALSE,11/6/2021,8/2/2021
99,Leena Saleway,40,lsaleway2q@sohu.com,"669 Rizal Ave., Brgy. Poblacion",Makati,99,594.2,"?7,527.50",99,91.68,?95.62,5/13/2021,"?7,623.12",Debit Card,TRUE,11/12/2021,5/9/2021
100,Anni Trusse,21,atrusse2r@yahoo.co.jp,"706 Narra St., Brgy. Bangkal",Makati,100,911.56,"?11,494.50",100,288.36,?129.12,9/23/2021,"?10,461.26",Credit Card,TRUE,12/10/2021,4/28/2021
101,Ofelia Wanklin,66,owanklin2s@yellowpages.com,"743 Molave St., Brgy. Malibay",Pasay,101,171.01,"?2,237.63",101,463.78,?159.00,5/2/2021,"?2,396.63",Bank Transfer,FALSE,3/26/2021,11/12/2021
102,Erminia Maycey,90,emaycey2t@wikimedia.org,"780 Acacia St., Brgy. Longos",Malabon,102,912.85,"?11,510.63",102,471.07,?160.24,2/10/2021,"?10,503.78",Debit Card,TRUE,12/4/2021,3/20/2021
103,Dwight Pothecary,45,dpothecary2u@timesonline.co.uk,"817 Luna St., Brgy. San Roque",Navotas,103,168.93,"?2,211.63",103,59.51,?90.14,5/17/2021,"?2,301.77",Credit Card,TRUE,2/19/2021,11/2/2021
104,Nanny Deppen,19,ndeppen2v@usa.gov,"854 Bonifacio St., Brgy. Ugong",Valenzuela,104,146.96,"?1,937.00",104,77.34,?93.17,4/23/2021,"?1,827.15",Credit Card,TRUE,10/8/2021,5/5/2021
105,Aldridge Manoelli,24,amanoelli2w@deviantart.com,"891 Kalayaan Ave., Brgy. Concepcion Uno",Marikina,105,874.42,"?11,030.25",105,108.96,?98.56,1/26/2021,"?11,128.81",Bank Transfer,FALSE,5/26/2021,6/22/2021
106,Dusty Giorgioni,33,dgiorgioni2x@homestead.com,"928 Maharlika St., Brgy. Kapitolyo",Pasig,106,364.49,"?4,656.13",106,23.29,?83.97,11/19/2021,"?4,266.09",Debit Card,FALSE,5/31/2021,5/31/2021
107,Elisabet Adamiak,56,eadamiak2y@prlog.org,"965 Camia St., Brgy. Plainview",Mandaluyong,107,324.25,"?4,153.13",107,272.42,?126.40,5/1/2021,"?4,279.53",Bank Transfer,FALSE,3/14/2021,7/30/2021
108,Jenifer Edward,73,jedward2z@youku.com,"13 Ilang-Ilang St., Brgy. Baclaran",Parañaque,108,165.17,"?2,164.63",108,481.03,?161.94,3/3/2021,"?2,093.91",Credit Card,TRUE,9/13/2021,3/5/2021
109,Avram Kirkam,18,akirkam30@surveymonkey.com,"50 Sampaguita St., Brgy. Almanza Uno",Las Piñas,109,36.04,?550.50,109,293.48,?129.99,3/3/2021,?680.49,Bank Transfer,TRUE,7/1/2021,7/11/2021
110,Giffard Humblestone,19,ghumblestone31@theatlantic.com,"87 Mabini St., Brgy. Potrero",Malabon,110,404.2,"?5,152.50",110,250.78,?122.72,3/2/2021,"?4,747.70",Credit Card,TRUE,4/12/2021,8/6/2021
111,Maximilien Fasse,58,mfasse32@istockphoto.com,"124 Rizal Ave., Brgy. Bagumbayan",Taguig,111,637.35,"?8,066.88",111,218.51,?117.22,1/1/2021,"?8,184.10",Bank Transfer,TRUE,8/16/2021,1/9/2021
112,Sayers Gronous,80,sgronous33@weibo.com,"161 Narra St., Brgy. Kaunlaran",Caloocan,112,632.69,"?8,008.63",112,290.2,?129.43,2/22/2021,"?7,324.25",Debit Card,TRUE,3/22/2021,3/10/2021
113,Kari Feldman,42,kfeldman34@slideshare.net,"198 Molave St., Brgy. Poblacion",Muntinlupa,113,296.2,"?3,802.50",113,407.05,?149.34,7/13/2021,"?3,951.84",Bank Transfer,TRUE,4/30/2021,4/23/2021
114,Catherin Christon,77,cchriston35@wix.com,"235 Acacia St., Brgy. San Pedro",Pateros,114,550.51,"?6,981.38",114,371.2,?143.23,11/30/2021,"?6,412.15",Debit Card,TRUE,12/24/2021,4/30/2021
115,Adella Ungerechts,78,aungerechts36@cmu.edu,"272 Luna St., Brgy. San Antonio",San Juan,115,975.6,"?12,295.00",115,92.99,?95.84,5/17/2021,"?12,390.84",Debit Card,FALSE,8/8/2021,5/26/2021
116,Vida Pharaoh,65,vpharaoh37@who.int,"309 Bonifacio St., Brgy. Tondo",Manila,116,613.23,"?7,765.38",116,282.39,?128.10,4/4/2021,"?7,104.13",Bank Transfer,FALSE,9/3/2021,12/11/2021
117,Prentiss Greeno,97,pgreeno38@biglobe.ne.jp,"346 Kalayaan Ave., Brgy. Sampaloc",Manila,117,990.1,"?12,476.25",117,147.58,?105.14,3/27/2021,"?12,581.39",Credit Card,TRUE,10/11/2021,1/10/2021
118,Franchot Scafe,24,fscafe39@independent.co.uk,"383 Maharlika St., Brgy. Bago Bantay",Quezon City,118,887.95,"?11,199.38",118,239.71,?120.83,10/13/2021,"?10,188.19",Bank Transfer,TRUE,4/30/2021,4/15/2021
119,Ram Brasted,69,rbrasted3a@imgur.com,"420 Camia St., Brgy. Commonwealth",Quezon City,119,176.68,"?2,308.50",119,165.67,?108.22,7/11/2021,"?2,416.72",Debit Card,TRUE,1/25/2021,9/22/2021
120,Kimbell Llewellin,41,kllewellin3b@bizjournals.com,"457 Ilang-Ilang St., Brgy. Pembo",Taguig,120,600.72,"?7,609.00",120,262.17,?124.66,5/26/2021,"?6,960.29",Credit Card,TRUE,6/7/2021,8/4/2021
121,Modestine Jerzyk,62,mjerzyk3c@xing.com,"494 Sampaguita St., Brgy. Western Bicutan",Taguig,121,146.91,"?1,936.38",121,443.7,?155.58,8/27/2021,"?2,091.96",Bank Transfer,TRUE,7/12/2021,7/30/2021
122,Ottilie Nourse,76,onourse3d@drupal.org,"531 Mabini St., Brgy. Poblacion",Makati,122,386.68,"?4,933.50",122,445.43,?155.88,6/3/2021,"?4,580.44",Debit Card,TRUE,9/2/2021,10/15/2021
123,Filide Pieter,33,fpieter3e@csmonitor.com,"568 Rizal Ave., Brgy. Bangkal",Makati,123,626,"?7,925.00",123,416.33,?150.92,8/18/2021,"?8,075.92",Debit Card,TRUE,8/8/2021,9/6/2021
124,Nicholle Crolla,61,ncrolla3f@sfgate.com,"605 Narra St., Brgy. Malibay",Pasay,124,192.97,"?2,512.13",124,454.71,?157.46,1/15/2021,"?2,402.63",Debit Card,FALSE,5/16/2021,12/1/2021
125,Farleigh Frome,60,ffrome3g@sakura.ne.jp,"642 Molave St., Brgy. Longos",Malabon,125,414.08,"?5,276.00",125,423.83,?152.20,3/14/2021,"?5,428.20",Credit Card,FALSE,8/3/2021,3/3/2021
126,Prentiss Broome,46,pbroome3h@twitpic.com,"679 Acacia St., Brgy. San Roque",Navotas,126,612.92,"?7,761.50",126,127.02,?101.64,10/16/2021,"?7,076.83",Credit Card,FALSE,3/4/2021,4/5/2021
127,Geordie Brabyn,32,gbrabyn3i@economist.com,"716 Luna St., Brgy. Ugong",Valenzuela,127,961.35,"?12,116.88",127,137.1,?103.35,3/13/2021,"?12,220.23",Credit Card,FALSE,5/27/2021,2/17/2021
128,Janot Yosifov,82,jyosifov3j@shutterfly.com,"753 Bonifacio St., Brgy. Concepcion Uno",Marikina,128,74.62,"?1,032.75",128,148.04,?105.22,6/15/2021,"?1,024.17",Debit Card,TRUE,3/11/2021,4/1/2021
129,Whitney Swait,100,wswait3k@upenn.edu,"790 Kalayaan Ave., Brgy. Kapitolyo",Pasig,129,673.02,"?8,512.75",129,277.36,?127.25,11/20/2021,"?8,640.00",Bank Transfer,FALSE,10/17/2021,6/7/2021
130,Cordy Hevey,56,chevey3l@ebay.com,"827 Maharlika St., Brgy. Plainview",Mandaluyong,130,238.85,"?3,085.63",130,53.84,?89.17,6/22/2021,"?2,857.32",Bank Transfer,FALSE,9/21/2021,3/8/2021
131,Rey Rau,68,rrau3m@chron.com,"864 Camia St., Brgy. Baclaran",Parañaque,131,178.5,"?2,331.25",131,99.71,?96.98,1/27/2021,"?2,428.23",Debit Card,TRUE,2/3/2021,8/5/2021
132,Bernardine Constance,20,bconstance3n@symantec.com,"901 Ilang-Ilang St., Brgy. Almanza Uno",Las Piñas,132,355.21,"?4,540.13",132,76.99,?93.11,8/4/2021,"?4,169.92",Bank Transfer,TRUE,10/13/2021,4/23/2021
133,Luther Housbey,94,lhousbey3o@netlog.com,"938 Sampaguita St., Brgy. Potrero",Malabon,133,894.88,"?11,286.00",133,60.84,?90.36,5/25/2021,"?11,376.36",Bank Transfer,TRUE,7/16/2021,2/8/2021
134,Ronny Mordaunt,32,rmordaunt3p@addthis.com,"975 Mabini St., Brgy. Bagumbayan",Taguig,134,750.76,"?9,484.50",134,489.13,?163.32,6/25/2021,"?8,683.04",Credit Card,FALSE,7/8/2021,5/21/2021
135,Arther Blueman,59,ablueman3q@narod.ru,"23 Rizal Ave., Brgy. Kaunlaran",Caloocan,135,231.6,"?2,995.00",135,25.78,?84.39,4/5/2021,"?3,079.39",Debit Card,FALSE,3/3/2021,2/7/2021
136,Emlynne Giraudou,37,egiraudou3r@dell.com,"60 Narra St., Brgy. Poblacion",Muntinlupa,136,365.24,"?4,665.50",136,410.08,?149.85,2/9/2021,"?4,333.82",Debit Card,FALSE,5/27/2021,8/12/2021
137,Ellissa Harrigan,22,eharrigan3s@aol.com,"97 Molave St., Brgy. San Pedro",Pateros,137,507.79,"?6,447.38",137,244.12,?121.58,12/22/2021,"?6,568.96",Credit Card,TRUE,6/17/2021,7/30/2021
138,Candy Carleton,58,ccarleton3t@nymag.com,"134 Acacia St., Brgy. San Antonio",San Juan,138,566.16,"?7,177.00",138,389.7,?146.38,1/14/2021,"?6,591.04",Bank Transfer,FALSE,7/23/2021,5/21/2021
139,Sean Molan,73,smolan3u@ox.ac.uk,"171 Luna St., Brgy. Tondo",Manila,139,499.32,"?6,341.50",139,312.57,?133.24,4/12/2021,"?6,474.74",Debit Card,TRUE,11/6/2021,5/7/2021
140,Melvyn Petrasch,74,mpetrasch3v@dion.ne.jp,"208 Bonifacio St., Brgy. Sampaloc",Manila,140,857.89,"?10,823.63",140,379.01,?144.56,10/25/2021,"?9,871.37",Bank Transfer,TRUE,10/23/2021,8/27/2021
141,Ernestus Bembridge,74,ebembridge3w@ucoz.ru,"245 Kalayaan Ave., Brgy. Bago Bantay",Quezon City,141,85.6,"?1,170.00",141,185.2,?111.55,5/8/2021,"?1,281.55",Debit Card,TRUE,6/18/2021,11/23/2021
142,Lilyan Nutkins,38,lnutkins3x@flavors.me,"282 Maharlika St., Brgy. Commonwealth",Quezon City,142,773.29,"?9,766.13",142,267.74,?125.61,6/21/2021,"?8,902.57",Credit Card,TRUE,12/30/2021,9/27/2021
143,Leland Cosh,93,lcosh3y@cdc.gov,"319 Camia St., Brgy. Pembo",Taguig,143,658.98,"?8,337.25",143,133.79,?102.79,1/15/2021,"?8,440.04",Bank Transfer,FALSE,3/22/2021,8/18/2021
144,Elfrieda Elleton,28,eelleton3z@mozilla.org,"356 Ilang-Ilang St., Brgy. Western Bicutan",Taguig,144,452.04,"?5,750.50",144,67.1,?91.43,3/27/2021,"?5,257.74",Credit Card,TRUE,2/19/2021,7/23/2021
145,Esmaria Bosanko,54,ebosanko40@ocn.ne.jp,"393 Sampaguita St., Brgy. Poblacion",Makati,145,620.73,"?7,859.13",145,203.92,?114.74,4/17/2021,"?7,973.87",Debit Card,TRUE,2/9/2021,12/16/2021
146,Catherina Caccavale,76,ccaccavale41@plala.or.jp,"430 Mabini St., Brgy. Bangkal",Makati,146,665.96,"?8,424.50",146,288.67,?129.17,8/8/2021,"?7,698.30",Debit Card,TRUE,6/22/2021,8/21/2021
147,Ase Alwen,35,aalwen42@un.org,"467 Rizal Ave., Brgy. Malibay",Pasay,147,425.94,"?5,424.25",147,483.61,?162.38,8/23/2021,"?5,586.63",Bank Transfer,TRUE,8/18/2021,9/21/2021
148,Allx Dykins,54,adykins43@ask.com,"504 Narra St., Brgy. Longos",Malabon,148,241.82,"?3,122.75",148,86.45,?94.73,12/12/2021,"?2,895.73",Bank Transfer,FALSE,5/6/2021,7/15/2021
149,Toinette Swayte,18,tswayte44@nbcnews.com,"541 Molave St., Brgy. San Roque",Navotas,149,637.22,"?8,065.25",149,125.41,?101.36,4/12/2021,"?8,166.61",Bank Transfer,FALSE,1/5/2021,5/11/2021
150,Travis Cescotti,48,tcescotti45@furl.net,"578 Acacia St., Brgy. Ugong",Valenzuela,150,964.33,"?12,154.13",150,73.46,?92.51,9/25/2021,"?11,021.98",Bank Transfer,TRUE,10/11/2021,11/16/2021
151,Ainslee Rubert,82,arubert46@flavors.me,"615 Luna St., Brgy. Concepcion Uno",Marikina,151,776.19,"?9,802.38",151,185.59,?111.61,10/7/2021,"?9,913.99",Credit Card,TRUE,6/12/2021,11/18/2021
152,Murry Trobridge,35,mtrobridge47@java.com,"652 Bonifacio St., Brgy. Kapitolyo",Pasig,152,46.81,?685.13,152,151.31,?105.77,3/11/2021,?711.81,Bank Transfer,TRUE,11/9/2021,9/9/2021
153,Jacynth Ivanikov,83,jivanikov48@blogs.com,"689 Kalayaan Ave., Brgy. Plainview",Mandaluyong,153,128.1,"?1,701.25",153,412.94,?150.34,4/24/2021,"?1,851.59",Credit Card,FALSE,3/11/2021,12/23/2021
154,Vin Lensch,69,vlensch49@reverbnation.com,"726 Maharlika St., Brgy. Baclaran",Parañaque,154,8.4,?205.00,154,41.12,?87.00,12/3/2021,?262.80,Debit Card,FALSE,4/8/2021,10/28/2021
155,Giacinta Theobold,75,gtheobold4a@google.ca,"763 Camia St., Brgy. Almanza Uno",Las Piñas,155,940.1,"?11,851.25",155,216.07,?116.81,7/2/2021,"?11,968.06",Credit Card,FALSE,4/24/2021,6/9/2021
156,Marijn Ivashintsov,26,mivashintsov4b@wsj.com,"800 Ilang-Ilang St., Brgy. Potrero",Malabon,156,420.38,"?5,354.75",156,259.65,?124.23,6/23/2021,"?4,931.08",Bank Transfer,FALSE,8/16/2021,12/27/2021
157,Angelika Wethers,73,awethers4c@artisteer.com,"837 Sampaguita St., Brgy. Bagumbayan",Taguig,157,101,"?1,362.50",157,67.24,?91.45,5/23/2021,"?1,453.95",Credit Card,TRUE,12/6/2021,8/16/2021
158,Greta Basler,46,gbasler4d@geocities.com,"874 Mabini St., Brgy. Kaunlaran",Caloocan,158,310.91,"?3,986.38",158,410.26,?149.89,4/19/2021,"?3,722.64",Bank Transfer,TRUE,2/8/2021,5/6/2021
159,Norine Stallan,32,nstallan4e@disqus.com,"911 Rizal Ave., Brgy. Poblacion",Muntinlupa,159,412.83,"?5,260.38",159,437.14,?154.46,1/17/2021,"?5,414.84",Debit Card,TRUE,11/17/2021,5/25/2021
160,Tanitansy Cuskery,22,tcuskery4f@homestead.com,"948 Narra St., Brgy. San Pedro",Pateros,160,269.74,"?3,471.75",160,425.23,?152.44,3/3/2021,"?3,261.77",Bank Transfer,FALSE,6/25/2021,1/18/2021
161,Berkley McClelland,68,bmcclelland4g@nature.com,"985 Molave St., Brgy. San Antonio",San Juan,161,529.25,"?6,715.63",161,118.82,?100.24,12/12/2021,"?6,815.87",Bank Transfer,TRUE,6/6/2021,5/1/2021
162,Rhona Haselup,45,rhaselup4h@bizjournals.com,"33 Acacia St., Brgy. Tondo",Manila,162,465.86,"?5,923.25",162,162.17,?107.62,1/19/2021,"?5,427.78",Bank Transfer,TRUE,11/7/2021,6/6/2021
163,Bianca Alvares,56,balvares4i@stumbleupon.com,"70 Luna St., Brgy. Sampaloc",Manila,163,180.15,"?2,351.88",163,450.5,?156.74,10/8/2021,"?2,508.62",Bank Transfer,FALSE,9/8/2021,5/29/2021
164,Oswald Sherebrook,85,osherebrook4j@cbslocal.com,"107 Bonifacio St., Brgy. Bago Bantay",Quezon City,164,374.3,"?4,778.75",164,445.97,?155.97,3/13/2021,"?4,441.25",Bank Transfer,TRUE,3/30/2021,12/5/2021
165,Cherie Daborn,61,cdaborn4k@wired.com,"144 Kalayaan Ave., Brgy. Commonwealth",Quezon City,165,353.51,"?4,518.88",165,480.84,?161.91,9/9/2021,"?4,680.79",Credit Card,FALSE,5/28/2021,9/15/2021
166,Farica Donaghy,63,fdonaghy4l@quantcast.com,"181 Maharlika St., Brgy. Pembo",Taguig,166,41.43,?617.88,166,388.5,?146.18,10/17/2021,?687.65,Debit Card,TRUE,1/8/2021,10/17/2021
167,Annecorinne Relf,80,arelf4m@dmoz.org,"218 Camia St., Brgy. Western Bicutan",Taguig,167,87,"?1,187.50",167,372.57,?143.46,10/14/2021,"?1,330.96",Debit Card,TRUE,9/25/2021,11/12/2021
168,Emmaline Helliwell,19,ehelliwell4n@ca.gov,"255 Ilang-Ilang St., Brgy. Poblacion",Makati,168,275.73,"?3,546.63",168,360.88,?141.47,11/22/2021,"?3,319.29",Bank Transfer,TRUE,2/27/2021,5/23/2021
169,Guillema Dovidian,38,gdovidian4o@fc2.com,"292 Sampaguita St., Brgy. Bangkal",Makati,169,94.59,"?1,282.38",169,388.83,?146.23,10/15/2021,"?1,428.61",Debit Card,FALSE,10/8/2021,9/27/2021
170,Byrom McClurg,69,bmcclurg4p@washington.edu,"329 Mabini St., Brgy. Malibay",Pasay,170,656.57,"?8,307.13",170,202.11,?114.43,12/29/2021,"?7,579.40",Bank Transfer,FALSE,12/20/2021,9/10/2021
171,Gratia Muggach,50,gmuggach4q@tripod.com,"366 Rizal Ave., Brgy. Longos",Malabon,171,548.45,"?6,955.63",171,61.75,?90.52,9/27/2021,"?7,046.15",Credit Card,FALSE,10/24/2021,3/21/2021
172,Lynda Doornbos,69,ldoornbos4r@youtu.be,"403 Narra St., Brgy. San Roque",Navotas,172,731.43,"?9,242.88",172,116.59,?99.86,6/11/2021,"?8,408.47",Bank Transfer,FALSE,12/18/2021,8/13/2021
173,Gannon Berard,84,gberard4s@senate.gov,"440 Molave St., Brgy. Ugong",Valenzuela,173,34.69,?533.63,173,118.46,?100.18,2/18/2021,?633.81,Bank Transfer,FALSE,7/7/2021,3/29/2021
174,Kayle Copley,70,kcopley4t@barnesandnoble.com,"477 Acacia St., Brgy. Concepcion Uno",Marikina,174,654.36,"?8,279.50",174,466.33,?159.44,1/21/2021,"?7,595.05",Credit Card,FALSE,5/10/2021,10/7/2021
175,Claudius Sherebrooke,64,csherebrooke4u@booking.com,"514 Luna St., Brgy. Kapitolyo",Pasig,175,4.19,?152.38,175,328,?135.87,5/23/2021,?288.25,Debit Card,FALSE,11/9/2021,8/2/2021
176,Jonas Naismith,58,jnaismith4v@gnu.org,"551 Bonifacio St., Brgy. Plainview",Mandaluyong,176,310.32,"?3,979.00",176,312.17,?133.18,10/15/2021,"?3,700.96",Bank Transfer,FALSE,11/19/2021,2/17/2021
177,Zackariah Lorkings,44,zlorkings4w@time.com,"588 Kalayaan Ave., Brgy. Baclaran",Parañaque,177,522.33,"?6,629.13",177,463.62,?158.97,11/19/2021,"?6,788.10",Debit Card,FALSE,9/12/2021,8/16/2021
178,Wilmette Imlen,86,wimlen4x@tuttocitta.it,"625 Maharlika St., Brgy. Almanza Uno",Las Piñas,178,797.56,"?10,069.50",178,422.39,?151.95,4/15/2021,"?9,199.31",Debit Card,FALSE,8/2/2021,3/17/2021
179,Val Blazeby,85,vblazeby4y@chron.com,"662 Camia St., Brgy. Potrero",Malabon,179,68.46,?955.75,179,41.33,?87.04,3/1/2021,"?1,042.79",Bank Transfer,FALSE,4/29/2021,1/22/2021
180,Venus Yukhnov,50,vyukhnov4z@scribd.com,"699 Ilang-Ilang St., Brgy. Bagumbayan",Taguig,180,10.29,?228.63,180,450,?156.65,9/20/2021,?346.75,Credit Card,TRUE,1/11/2021,5/15/2021
181,Ozzy Aloigi,89,oaloigi50@wisc.edu,"736 Sampaguita St., Brgy. Kaunlaran",Caloocan,181,849.96,"?10,724.50",181,260.64,?124.40,10/6/2021,"?10,848.90",Debit Card,FALSE,8/11/2021,9/22/2021
182,Angeline Alcott,49,aalcott51@marketwatch.com,"773 Mabini St., Brgy. Poblacion",Muntinlupa,182,778.13,"?9,826.63",182,22.01,?83.75,10/22/2021,"?8,919.34",Bank Transfer,FALSE,3/25/2021,12/3/2021
183,Micheil Rubinlicht,74,mrubinlicht52@tamu.edu,"810 Rizal Ave., Brgy. San Pedro",Pateros,183,392.23,"?5,002.88",183,476.88,?161.23,11/29/2021,"?5,164.11",Debit Card,TRUE,9/5/2021,9/7/2021
184,Harri Kensall,87,hkensall53@qq.com,"847 Narra St., Brgy. San Antonio",San Juan,184,956.2,"?12,052.50",184,121.94,?100.77,11/30/2021,"?10,937.94",Credit Card,FALSE,11/5/2021,2/10/2021
185,Melitta Mulvenna,42,mmulvenna54@cmu.edu,"884 Molave St., Brgy. Tondo",Manila,185,696.82,"?8,810.25",185,64.02,?90.91,2/15/2021,"?8,901.16",Bank Transfer,FALSE,3/2/2021,6/16/2021
186,Arabela McRoberts,47,amcroberts55@reference.com,"921 Acacia St., Brgy. Sampaloc",Manila,186,837.67,"?10,570.88",186,64.67,?91.02,8/24/2021,"?9,595.71",Bank Transfer,FALSE,5/23/2021,6/13/2021
187,Nadiya McGowing,18,nmcgowing56@sfgate.com,"958 Luna St., Brgy. Bago Bantay",Quezon City,187,14.23,?277.88,187,366.93,?142.50,11/8/2021,?420.38,Debit Card,FALSE,10/23/2021,9/19/2021
188,Henrie Pardoe,26,hpardoe57@archive.org,"995 Bonifacio St., Brgy. Commonwealth",Quezon City,188,313.7,"?4,021.25",188,477.19,?161.29,4/29/2021,"?3,764.29",Bank Transfer,TRUE,1/8/2021,3/25/2021
189,Alida Van Hault,85,avan58@epa.gov,"43 Kalayaan Ave., Brgy. Pembo",Taguig,189,566.42,"?7,180.25",189,226.01,?118.50,10/9/2021,"?7,298.75",Bank Transfer,FALSE,7/29/2021,10/21/2021
190,Misti Jacmar,74,mjacmar59@europa.eu,"80 Maharlika St., Brgy. Western Bicutan",Taguig,190,894.49,"?11,281.13",190,1.86,?80.32,6/3/2021,"?10,225.30",Debit Card,FALSE,11/21/2021,10/20/2021
191,Chickie Simanenko,27,csimanenko5a@jugem.jp,"117 Camia St., Brgy. Poblacion",Makati,191,906.7,"?11,433.75",191,291.19,?129.60,12/1/2021,"?11,563.35",Credit Card,FALSE,5/16/2021,10/6/2021
192,Thatcher Christofor,36,tchristofor5b@blogger.com,"154 Ilang-Ilang St., Brgy. Bangkal",Makati,192,125.38,"?1,667.25",192,285.74,?128.67,7/29/2021,"?1,616.33",Debit Card,FALSE,7/14/2021,9/1/2021
193,Frederick Margrett,84,fmargrett5c@ycombinator.com,"191 Sampaguita St., Brgy. Malibay",Pasay,193,514.37,"?6,529.63",193,389.36,?146.32,1/18/2021,"?6,675.95",Credit Card,TRUE,8/18/2021,11/3/2021
194,Saundra Gunning,61,sgunning5d@instagram.com,"228 Mabini St., Brgy. Longos",Malabon,194,795.49,"?10,043.63",194,323.99,?135.19,10/24/2021,"?9,160.94",Bank Transfer,TRUE,3/4/2021,9/4/2021
195,Nonna Killough,98,nkillough5e@irs.gov,"265 Rizal Ave., Brgy. San Roque",Navotas,195,132.64,"?1,758.00",195,181.81,?110.97,6/22/2021,"?1,868.97",Debit Card,TRUE,7/8/2021,3/3/2021
196,Clea Fairman,47,cfairman5f@gizmodo.com,"302 Narra St., Brgy. Ugong",Valenzuela,196,901.44,"?11,368.00",196,189.95,?112.36,2/21/2021,"?10,332.32",Credit Card,TRUE,4/8/2021,10/28/2021
197,Gerrie de Courcey,49,gde5g@flickr.com,"339 Molave St., Brgy. Concepcion Uno",Marikina,197,253.09,"?3,263.63",197,41.71,?87.11,3/24/2021,"?3,350.74",Debit Card,TRUE,4/6/2021,3/3/2021
198,Pen Raynham,56,praynham5h@nydailynews.com,"376 Acacia St., Brgy. Kapitolyo",Pasig,198,490.87,"?6,235.88",198,347.64,?139.22,8/27/2021,"?5,737.59",Debit Card,TRUE,2/12/2021,3/8/2021
199,Sharline Gooden,36,sgooden5i@techcrunch.com,"413 Luna St., Brgy. Plainview",Mandaluyong,199,775.88,"?9,798.50",199,490.92,?163.63,7/8/2021,"?9,962.13",Bank Transfer,FALSE,6/5/2021,5/15/2021
200,Wade Castelow,65,wcastelow5j@cam.ac.uk,"450 Bonifacio St., Brgy. Baclaran",Parañaque,200,506.02,"?6,425.25",200,436.65,?154.38,1/1/2021,"?5,921.67",Debit Card,FALSE,12/21/2021,7/17/2021
201,Thorstein Merrikin,54,tmerrikin5k@aboutads.info,"487 Kalayaan Ave., Brgy. Almanza Uno",Las Piñas,201,689.86,"?8,723.25",201,408.83,?149.64,12/11/2021,"?8,872.89",Bank Transfer,TRUE,2/10/2021,3/25/2021
202,Kiley Finnis,83,kfinnis5l@posterous.com,"524 Maharlika St., Brgy. Potrero",Malabon,202,201.47,"?2,618.38",202,492.32,?163.86,10/27/2021,"?2,504.02",Debit Card,TRUE,2/13/2021,8/26/2021
203,Artemas Hedman,60,ahedman5m@t.co,"561 Camia St., Brgy. Bagumbayan",Taguig,203,793.39,"?10,017.38",203,449.94,?156.64,3/5/2021,"?10,174.02",Credit Card,TRUE,10/23/2021,8/15/2021
204,Billi Pressnell,79,bpressnell5n@free.fr,"598 Ilang-Ilang St., Brgy. Kaunlaran",Caloocan,204,66.56,?932.00,204,158.87,?107.06,9/30/2021,?935.15,Debit Card,FALSE,2/8/2021,5/24/2021
205,Carline Gabe,71,cgabe5o@archive.org,"635 Sampaguita St., Brgy. Poblacion",Muntinlupa,205,44.16,?652.00,205,229.59,?119.11,11/13/2021,?771.11,Debit Card,TRUE,9/28/2021,2/8/2021
206,Giordano Iron,36,giron5p@boston.com,"672 Mabini St., Brgy. San Pedro",Pateros,206,932.97,"?11,762.13",206,448.42,?156.39,4/20/2021,"?10,726.67",Bank Transfer,FALSE,11/29/2021,11/10/2021
207,Roseanne McGuffie,39,rmcguffie5q@vistaprint.com,"709 Rizal Ave., Brgy. San Antonio",San Juan,207,932.05,"?11,750.63",207,297.2,?130.63,8/9/2021,"?11,881.26",Debit Card,FALSE,1/13/2021,9/2/2021
208,Cybill Harniman,97,charniman5r@eventbrite.com,"746 Narra St., Brgy. Tondo",Manila,208,213.43,"?2,767.88",208,38.61,?86.58,9/16/2021,"?2,569.01",Debit Card,FALSE,7/15/2021,2/11/2021
209,Rogerio Gipson,68,rgipson5s@wiley.com,"783 Molave St., Brgy. Sampaloc",Manila,209,909.78,"?11,472.25",209,22.97,?83.91,5/1/2021,"?11,556.16",Debit Card,FALSE,2/15/2021,11/30/2021
210,Noland Tupie,87,ntupie5t@gmpg.org,"820 Acacia St., Brgy. Bago Bantay",Quezon City,210,311.81,"?3,997.63",210,111.51,?98.99,5/21/2021,"?3,686.96",Bank Transfer,FALSE,8/9/2021,11/15/2021
211,Janel Bohje,69,jbohje5u@goo.gl,"857 Luna St., Brgy. Commonwealth",Quezon City,211,215.71,"?2,796.38",211,324.17,?135.22,8/12/2021,"?2,931.60",Credit Card,TRUE,11/21/2021,1/5/2021
212,Randell Priditt,58,rpriditt5v@skyrock.com,"894 Bonifacio St., Brgy. Pembo",Taguig,212,897.84,"?11,323.00",212,293.8,?130.05,5/18/2021,"?10,307.74",Debit Card,TRUE,5/10/2021,8/1/2021
213,Wally Jeandon,38,wjeandon5w@ucoz.com,"931 Kalayaan Ave., Brgy. Western Bicutan",Taguig,213,836.68,"?10,558.50",213,177.73,?110.28,12/1/2021,"?10,668.78",Bank Transfer,TRUE,4/3/2021,7/8/2021
214,Rafaelia Bremmer,57,rbremmer5x@bbc.co.uk,"968 Maharlika St., Brgy. Poblacion",Makati,214,909.54,"?11,469.25",214,393.87,?147.09,3/26/2021,"?10,454.71",Debit Card,TRUE,2/19/2021,4/7/2021
215,Bondon Callaghan,40,bcallaghan5y@nifty.com,"16 Camia St., Brgy. Bangkal",Makati,215,710.01,"?8,975.13",215,317.53,?134.09,2/5/2021,"?9,109.22",Debit Card,TRUE,7/1/2021,12/1/2021
216,Keriann Patis,20,kpatis5z@cdc.gov,"53 Ilang-Ilang St., Brgy. Malibay",Pasay,216,888.88,"?11,211.00",216,322.9,?135.00,10/5/2021,"?10,211.40",Credit Card,FALSE,5/21/2021,4/30/2021
217,Husein Paoletti,98,hpaoletti60@webmd.com,"90 Sampaguita St., Brgy. Longos",Malabon,217,504.91,"?6,411.38",217,294.99,?130.25,10/29/2021,"?6,541.63",Credit Card,TRUE,1/24/2021,12/4/2021
218,Naomi Maccari,31,nmaccari61@oracle.com,"127 Mabini St., Brgy. San Roque",Navotas,218,978.61,"?12,332.63",218,448.61,?156.42,12/29/2021,"?11,240.15",Credit Card,FALSE,7/27/2021,10/16/2021
219,Meade Tubby,64,mtubby62@economist.com,"164 Rizal Ave., Brgy. Ugong",Valenzuela,219,192.09,"?2,501.13",219,271.28,?126.21,10/2/2021,"?2,627.34",Bank Transfer,TRUE,4/20/2021,10/7/2021
220,Agretha Alpine,85,aalpine63@reddit.com,"201 Narra St., Brgy. Concepcion Uno",Marikina,220,331.7,"?4,246.25",220,456.68,?157.79,9/27/2021,"?3,963.64",Credit Card,FALSE,5/14/2021,6/18/2021
221,Reg Chattock,61,rchattock64@nbcnews.com,"238 Molave St., Brgy. Kapitolyo",Pasig,221,990.71,"?12,483.88",221,227.65,?118.78,1/14/2021,"?12,602.66",Debit Card,FALSE,6/15/2021,10/18/2021
222,Marc Skillitt,83,mskillitt65@dagondesign.com,"275 Acacia St., Brgy. Plainview",Mandaluyong,222,104.47,"?1,405.88",222,179.88,?110.64,4/24/2021,"?1,364.87",Debit Card,FALSE,2/7/2021,10/4/2021
223,Khalil Errington,57,kerrington66@blinklist.com,"312 Luna St., Brgy. Baclaran",Parañaque,223,489.87,"?6,223.38",223,375.87,?144.03,5/12/2021,"?6,367.41",Credit Card,TRUE,7/15/2021,2/27/2021
224,Huntington McKeveney,41,hmckeveney67@linkedin.com,"349 Bonifacio St., Brgy. Almanza Uno",Las Piñas,224,415.89,"?5,298.63",224,152.12,?105.91,7/1/2021,"?4,864.09",Debit Card,TRUE,11/7/2021,9/5/2021
225,Lennie Milnthorpe,81,lmilnthorpe68@boston.com,"386 Kalayaan Ave., Brgy. Potrero",Malabon,225,39.7,?596.25,225,383.51,?145.33,9/2/2021,?741.58,Bank Transfer,FALSE,10/7/2021,11/7/2021
226,Fidelity Rainbow,79,frainbow69@youku.com,"423 Maharlika St., Brgy. Bagumbayan",Taguig,226,89.6,"?1,220.00",226,431.82,?153.56,6/24/2021,"?1,236.20",Debit Card,FALSE,12/3/2021,1/19/2021
227,Richardo Ruby,66,rruby6a@nasa.gov,"460 Camia St., Brgy. Kaunlaran",Caloocan,227,902.85,"?11,385.63",227,312.05,?133.16,5/23/2021,"?11,518.79",Credit Card,FALSE,3/26/2021,6/28/2021
228,Milo Vidler,76,mvidler6b@oracle.com,"497 Ilang-Ilang St., Brgy. Poblacion",Muntinlupa,228,769.54,"?9,719.25",228,66,?91.24,2/16/2021,"?8,829.44",Debit Card,TRUE,2/2/2021,5/3/2021
229,Maurita Daymont,44,mdaymont6c@naver.com,"534 Sampaguita St., Brgy. San Pedro",Pateros,229,732.66,"?9,258.25",229,38.04,?86.48,4/7/2021,"?9,344.73",Bank Transfer,TRUE,11/5/2021,3/15/2021
230,Rob Emanuelli,80,remanuelli6d@techcrunch.com,"571 Mabini St., Brgy. San Antonio",San Juan,230,435.43,"?5,542.88",230,131.29,?102.36,7/4/2021,"?5,080.72",Bank Transfer,TRUE,7/30/2021,8/10/2021
231,Thornie Kaasmann,92,tkaasmann6e@w3.org,"608 Rizal Ave., Brgy. Tondo",Manila,231,965.66,"?12,170.75",231,47.01,?88.01,1/28/2021,"?12,258.76",Bank Transfer,TRUE,5/1/2021,10/22/2021
232,Hyacintha Rowlstone,65,hrowlstone6f@sphinn.com,"645 Narra St., Brgy. Sampaloc",Manila,232,541.63,"?6,870.38",232,237.94,?120.53,7/15/2021,"?6,291.82",Bank Transfer,FALSE,7/8/2021,5/10/2021
233,Lyn Fairhurst,49,lfairhurst6g@ifeng.com,"682 Molave St., Brgy. Bago Bantay",Quezon City,233,869.8,"?10,972.50",233,439.89,?154.93,7/8/2021,"?11,127.43",Credit Card,TRUE,9/30/2021,12/12/2021
234,Tessie Weymont,24,tweymont6h@princeton.edu,"719 Acacia St., Brgy. Commonwealth",Quezon City,234,37.34,?566.75,234,62.16,?90.59,6/8/2021,?591.61,Debit Card,TRUE,9/10/2021,4/18/2021
235,Vlad Dearl,77,vdearl6i@chronoengine.com,"756 Luna St., Brgy. Pembo",Taguig,235,12.67,?258.38,235,461.27,?158.57,12/25/2021,?416.95,Debit Card,TRUE,6/16/2021,5/26/2021
236,Ole Bowmen,26,obowmen6j@oaic.gov.au,"793 Bonifacio St., Brgy. Western Bicutan",Taguig,236,323.24,"?4,140.50",236,252.68,?123.04,2/18/2021,"?3,837.19",Credit Card,TRUE,4/17/2021,1/30/2021
237,Aldis Anthoin,49,aanthoin6k@rediff.com,"830 Kalayaan Ave., Brgy. Poblacion",Makati,237,359.23,"?4,590.38",237,253.17,?123.13,1/18/2021,"?4,713.51",Credit Card,TRUE,10/2/2021,10/31/2021
238,Viki Hubert,34,vhubert6l@histats.com,"867 Maharlika St., Brgy. Bangkal",Makati,238,996.82,"?12,560.25",238,331.75,?136.51,11/21/2021,"?11,427.08",Bank Transfer,FALSE,3/6/2021,2/1/2021
239,Randa Cumming,94,rcumming6m@1und1.de,"904 Camia St., Brgy. Malibay",Pasay,239,664.12,"?8,401.50",239,255.45,?123.51,8/18/2021,"?8,525.01",Bank Transfer,TRUE,3/4/2021,3/19/2021
240,Roxana Zipsell,72,rzipsell6n@aboutads.info,"941 Ilang-Ilang St., Brgy. Longos",Malabon,240,55.95,?799.38,240,160.56,?107.35,12/29/2021,?816.06,Debit Card,FALSE,1/28/2021,5/31/2021
241,Gael Sherwood,62,gsherwood6o@senate.gov,"978 Sampaguita St., Brgy. San Roque",Navotas,241,623.32,"?7,891.50",241,365.77,?142.31,5/24/2021,"?8,033.81",Bank Transfer,TRUE,2/26/2021,9/20/2021
242,Cynde Trustie,94,ctrustie6p@wikispaces.com,"26 Mabini St., Brgy. Ugong",Valenzuela,242,674.85,"?8,535.63",242,477.83,?161.40,11/18/2021,"?7,827.33",Bank Transfer,TRUE,9/13/2021,11/6/2021
243,Asa Armit,50,aarmit6q@acquirethisname.com,"63 Rizal Ave., Brgy. Concepcion Uno",Marikina,243,605.99,"?7,674.88",243,43.56,?87.42,5/17/2021,"?7,762.30",Bank Transfer,TRUE,5/15/2021,5/16/2021
244,Tye Studholme,84,tstudholme6r@state.gov,"100 Narra St., Brgy. Kapitolyo",Pasig,244,178.62,"?2,332.75",244,295.01,?130.25,10/1/2021,"?2,216.70",Debit Card,FALSE,7/25/2021,4/14/2021
245,Lombard Jeandon,27,ljeandon6s@mediafire.com,"137 Molave St., Brgy. Plainview",Mandaluyong,245,519.73,"?6,596.63",245,249.2,?122.45,1/2/2021,"?6,719.08",Bank Transfer,TRUE,3/17/2021,7/20/2021
246,Claire Kynett,52,ckynett6t@homestead.com,"174 Acacia St., Brgy. Baclaran",Parañaque,246,231.67,"?2,995.88",246,176.26,?110.02,1/4/2021,"?2,795.31",Credit Card,TRUE,12/25/2021,4/17/2021
247,Heath Mariel,58,hmariel6u@symantec.com,"211 Luna St., Brgy. Almanza Uno",Las Piñas,247,384.29,"?4,903.63",247,282.78,?128.17,10/22/2021,"?5,031.80",Debit Card,TRUE,11/21/2021,7/9/2021
248,Cathy Coultous,95,ccoultous6v@sciencedirect.com,"248 Bonifacio St., Brgy. Potrero",Malabon,248,746.52,"?9,431.50",248,112.11,?99.10,4/8/2021,"?8,577.54",Bank Transfer,TRUE,9/25/2021,1/5/2021
249,Halsey Klausewitz,33,hklausewitz6w@skyrock.com,"285 Kalayaan Ave., Brgy. Bagumbayan",Taguig,249,470.21,"?5,977.63",249,270.27,?126.04,3/26/2021,"?6,103.67",Credit Card,FALSE,11/6/2021,4/13/2021
250,Garvin Gonthier,77,ggonthier6x@123-reg.co.uk,"322 Maharlika St., Brgy. Kaunlaran",Caloocan,250,411.51,"?5,243.88",250,1.32,?80.22,11/21/2021,"?4,791.69",Bank Transfer,TRUE,9/12/2021,6/4/2021
251,Milty Chazelle,68,mchazelle6y@cbc.ca,"359 Camia St., Brgy. Poblacion",Muntinlupa,251,467.75,"?5,946.88",251,56.86,?89.69,10/20/2021,"?6,036.57",Debit Card,FALSE,11/25/2021,9/22/2021
252,Bartholomeo Deinert,72,bdeinert6z@creativecommons.org,"396 Ilang-Ilang St., Brgy. San Pedro",Pateros,252,262.44,"?3,380.50",252,8,?81.36,9/8/2021,"?3,115.67",Bank Transfer,TRUE,3/13/2021,2/18/2021
253,Bradley Ummfrey,60,bummfrey70@answers.com,"433 Sampaguita St., Brgy. San Antonio",San Juan,253,532.56,"?6,757.00",253,180.14,?110.69,7/14/2021,"?6,867.69",Debit Card,FALSE,10/8/2021,11/2/2021
254,Eddy Kenningham,82,ekenningham71@trellian.com,"470 Mabini St., Brgy. Tondo",Manila,254,875.34,"?11,041.75",254,226.06,?118.51,4/28/2021,"?10,044.23",Debit Card,FALSE,11/25/2021,3/29/2021
255,Torrin Wanka,22,twanka72@blog.com,"507 Rizal Ave., Brgy. Sampaloc",Manila,255,185.91,"?2,423.88",255,473.05,?160.58,7/15/2021,"?2,584.46",Credit Card,TRUE,7/29/2021,9/30/2021
256,Kylie Garside,76,kgarside73@bizjournals.com,"544 Narra St., Brgy. Bago Bantay",Quezon City,256,137.03,"?1,812.88",256,459,?158.19,6/5/2021,"?1,773.96",Debit Card,FALSE,4/26/2021,5/5/2021
257,De witt Stennet,21,dwitt74@aol.com,"581 Molave St., Brgy. Commonwealth",Quezon City,257,375.63,"?4,795.38",257,184.43,?111.42,9/10/2021,"?4,906.80",Debit Card,FALSE,8/18/2021,9/29/2021
258,Mikol Abeles,39,mabeles75@google.com,"618 Acacia St., Brgy. Pembo",Taguig,258,529.19,"?6,714.88",258,494.93,?164.31,10/9/2021,"?6,191.27",Credit Card,FALSE,5/6/2021,8/17/2021
259,Leoine O'Crigane,42,locrigane76@hostgator.com,"655 Luna St., Brgy. Western Bicutan",Taguig,259,141.04,"?1,863.00",259,186.14,?111.71,7/21/2021,"?1,974.71",Bank Transfer,TRUE,3/12/2021,12/26/2021
260,Tracey Scruton,43,tscruton77@google.com.br,"692 Bonifacio St., Brgy. Poblacion",Makati,260,291.01,"?3,737.63",260,74.54,?92.70,6/4/2021,"?3,447.30",Credit Card,TRUE,8/14/2021,11/28/2021
261,Somerset Gheorghie,27,sgheorghie78@google.co.uk,"729 Kalayaan Ave., Brgy. Bangkal",Makati,261,870.99,"?10,987.38",261,57,?89.71,3/27/2021,"?11,077.09",Debit Card,TRUE,4/19/2021,7/18/2021
262,Arlina Simchenko,56,asimchenko79@paginegialle.it,"766 Maharlika St., Brgy. Malibay",Pasay,262,556.13,"?7,051.63",262,104.13,?97.74,11/27/2021,"?6,434.43",Bank Transfer,FALSE,3/18/2021,4/11/2021
263,Bondy Larrosa,20,blarrosa7a@oakley.com,"803 Camia St., Brgy. Longos",Malabon,263,82.42,"?1,130.25",263,169.62,?108.89,10/17/2021,"?1,239.14",Debit Card,TRUE,2/2/2021,9/4/2021
264,Yves Rewcassell,49,yrewcassell7b@ebay.com,"840 Ilang-Ilang St., Brgy. San Roque",Navotas,264,845.56,"?10,669.50",264,38.51,?86.56,1/16/2021,"?9,680.45",Credit Card,FALSE,11/14/2021,9/27/2021
265,Cammy O'Hallagan,27,cohallagan7c@walmart.com,"877 Sampaguita St., Brgy. Ugong",Valenzuela,265,401.35,"?5,116.88",265,450.94,?156.81,4/14/2021,"?5,273.69",Debit Card,TRUE,7/4/2021,5/11/2021
266,Cassius Medwell,80,cmedwell7d@flickr.com,"914 Mabini St., Brgy. Concepcion Uno",Marikina,266,357.57,"?4,569.63",266,419.16,?151.40,1/26/2021,"?4,248.93",Debit Card,FALSE,10/25/2021,7/21/2021
267,Berti McGuff,19,bmcguff7e@usda.gov,"951 Rizal Ave., Brgy. Kapitolyo",Pasig,267,27.49,?443.63,267,220.68,?117.59,11/28/2021,?561.22,Credit Card,FALSE,7/3/2021,6/22/2021
268,Alexei Klempke,69,aklempke7f@shinystat.com,"988 Narra St., Brgy. Plainview",Mandaluyong,268,734.91,"?9,286.38",268,193.1,?112.89,7/24/2021,"?8,459.34",Bank Transfer,FALSE,11/4/2021,8/15/2021
269,Catherine Lovelady,61,clovelady7g@cdc.gov,"36 Molave St., Brgy. Baclaran",Parañaque,269,841.51,"?10,618.88",269,80.53,?93.72,3/8/2021,"?10,712.60",Debit Card,FALSE,1/20/2021,3/26/2021
270,Kora Manton,49,kmanton7h@sourceforge.net,"73 Acacia St., Brgy. Almanza Uno",Las Piñas,270,6.17,?177.13,270,431.83,?153.56,2/7/2021,?297.62,Bank Transfer,FALSE,3/13/2021,2/4/2021
271,Zacherie Bardwell,54,zbardwell7i@photobucket.com,"110 Luna St., Brgy. Potrero",Malabon,271,484.06,"?6,150.75",271,307.97,?132.46,10/30/2021,"?6,283.21",Debit Card,TRUE,9/25/2021,9/21/2021
272,Domenic Gumbley,76,dgumbley7j@spiegel.de,"147 Bonifacio St., Brgy. Bagumbayan",Taguig,272,200.91,"?2,611.38",272,452.95,?157.16,7/15/2021,"?2,491.69",Debit Card,TRUE,1/16/2021,4/8/2021
273,Rand Danilenko,81,rdanilenko7k@redcross.org,"184 Kalayaan Ave., Brgy. Kaunlaran",Caloocan,273,126.82,"?1,685.25",273,330.05,?136.22,6/2/2021,"?1,821.47",Bank Transfer,FALSE,12/10/2021,8/4/2021
274,Lionel Cowhig,32,lcowhig7l@nifty.com,"221 Maharlika St., Brgy. Poblacion",Muntinlupa,274,751.41,"?9,492.63",274,482.07,?162.12,9/18/2021,"?8,689.28",Debit Card,TRUE,1/28/2021,3/29/2021
275,Gennifer Oade,19,goade7m@imgur.com,"258 Camia St., Brgy. San Pedro",Pateros,275,793.11,"?10,013.88",275,86.47,?94.73,6/9/2021,"?10,108.61",Bank Transfer,TRUE,2/2/2021,9/4/2021
276,Franny Broadbury,26,fbroadbury7n@europa.eu,"295 Ilang-Ilang St., Brgy. San Antonio",San Juan,276,168.74,"?2,209.25",276,75.73,?92.90,3/20/2021,"?2,071.94",Bank Transfer,FALSE,6/10/2021,1/20/2021
277,Vanya Reynoldson,65,vreynoldson7o@usnews.com,"332 Sampaguita St., Brgy. Tondo",Manila,277,458.92,"?5,836.50",277,6.35,?81.08,2/10/2021,"?5,917.58",Credit Card,FALSE,10/3/2021,6/26/2021
278,Jilli Sainte Paul,69,jsainte7p@youku.com,"369 Mabini St., Brgy. Sampaloc",Manila,278,840.84,"?10,610.50",278,449.35,?156.54,10/18/2021,"?9,690.34",Debit Card,TRUE,12/9/2021,4/27/2021
279,Stevy Wadly,92,swadly7q@theguardian.com,"406 Rizal Ave., Brgy. Bago Bantay",Quezon City,279,299.64,"?3,845.50",279,326.7,?135.65,11/17/2021,"?3,981.15",Bank Transfer,TRUE,1/3/2021,8/18/2021
280,Kinsley Rosellini,64,krosellini7r@devhub.com,"443 Narra St., Brgy. Commonwealth",Quezon City,280,394.04,"?5,025.50",280,5.36,?80.91,4/8/2021,"?4,595.77",Debit Card,TRUE,3/5/2021,6/30/2021
281,Julienne Schwanden,35,jschwanden7s@newsvine.com,"480 Molave St., Brgy. Pembo",Taguig,281,671.98,"?8,499.75",281,382.49,?145.15,1/19/2021,"?8,644.90",Credit Card,FALSE,7/9/2021,6/21/2021
282,Alayne Bulfoot,43,abulfoot7t@nature.com,"517 Acacia St., Brgy. Western Bicutan",Taguig,282,843.79,"?10,647.38",282,320.8,?134.65,4/28/2021,"?9,703.83",Credit Card,FALSE,1/25/2021,6/13/2021
283,Chick Scoone,72,cscoone7u@nsw.gov.au,"554 Luna St., Brgy. Poblacion",Makati,283,110.07,"?1,475.88",283,414.6,?150.62,10/4/2021,"?1,626.50",Bank Transfer,FALSE,10/11/2021,10/8/2021
284,Shaw Riddock,25,sriddock7v@furl.net,"591 Bonifacio St., Brgy. Bangkal",Makati,284,242.17,"?3,127.13",284,376.24,?144.09,5/2/2021,"?2,944.10",Credit Card,FALSE,12/20/2021,1/10/2021
285,Tessie Etienne,31,tetienne7w@goo.ne.jp,"628 Kalayaan Ave., Brgy. Malibay",Pasay,285,139.18,"?1,839.75",285,89.48,?95.24,12/30/2021,"?1,934.99",Credit Card,TRUE,11/30/2021,10/20/2021
286,Gonzalo Coopman,44,gcoopman7x@techcrunch.com,"665 Maharlika St., Brgy. Longos",Malabon,286,595.01,"?7,537.63",286,178.57,?110.42,3/17/2021,"?6,883.25",Debit Card,FALSE,1/31/2021,11/19/2021
287,Noel MacCosty,93,nmaccosty7y@howstuffworks.com,"702 Camia St., Brgy. San Roque",Navotas,287,463.88,"?5,898.50",287,211.83,?116.08,2/14/2021,"?6,014.58",Bank Transfer,TRUE,9/26/2021,12/21/2021
288,Nalani De la Yglesia,73,nde7z@yolasite.com,"739 Ilang-Ilang St., Brgy. Ugong",Valenzuela,288,655.91,"?8,298.88",288,328.86,?136.02,5/7/2021,"?7,591.41",Credit Card,FALSE,2/16/2021,2/3/2021
289,Krystal Gylle,90,kgylle80@prnewswire.com,"776 Sampaguita St., Brgy. Concepcion Uno",Marikina,289,480.68,"?6,108.50",289,300.53,?131.19,6/21/2021,"?6,239.69",Credit Card,FALSE,10/6/2021,6/26/2021
290,Essy Redhead,56,eredhead81@arstechnica.com,"813 Mabini St., Brgy. Kapitolyo",Pasig,290,265.44,"?3,418.00",290,487.82,?163.10,7/2/2021,"?3,222.99",Bank Transfer,TRUE,10/18/2021,2/2/2021
291,Maude Fishleigh,28,mfishleigh82@pcworld.com,"850 Rizal Ave., Brgy. Plainview",Mandaluyong,291,195.05,"?2,538.13",291,18.72,?83.19,7/11/2021,"?2,621.32",Bank Transfer,TRUE,12/3/2021,2/19/2021
292,Clemmy Pawlaczyk,100,cpawlaczyk83@opensource.org,"887 Narra St., Brgy. Baclaran",Parañaque,292,878.04,"?11,075.50",292,134.77,?102.96,1/2/2021,"?10,060.61",Bank Transfer,FALSE,9/14/2021,12/9/2021
293,Michele Muselli,62,mmuselli84@msu.edu,"924 Molave St., Brgy. Almanza Uno",Las Piñas,293,962.43,"?12,130.38",293,102.99,?97.54,11/5/2021,"?12,227.92",Bank Transfer,TRUE,12/30/2021,12/28/2021
294,Marty Costain,28,mcostain85@wordpress.com,"961 Acacia St., Brgy. Potrero",Malabon,294,704.07,"?8,900.88",294,385.95,?145.74,3/30/2021,"?8,141.96",Bank Transfer,TRUE,5/22/2021,8/17/2021
295,Estelle Tuberfield,46,etuberfield86@cbc.ca,"998 Luna St., Brgy. Bagumbayan",Taguig,295,254.41,"?3,280.13",295,178.87,?110.47,2/14/2021,"?3,390.60",Debit Card,FALSE,2/6/2021,6/28/2021
296,Lewes Impy,37,limpy87@google.de,"46 Bonifacio St., Brgy. Kaunlaran",Caloocan,296,238.59,"?3,082.38",296,188.61,?112.13,4/2/2021,"?2,875.06",Debit Card,TRUE,3/29/2021,3/8/2021
297,Elysha Keppin,41,ekeppin88@auda.org.au,"83 Kalayaan Ave., Brgy. Poblacion",Muntinlupa,297,964.67,"?12,158.38",297,136.16,?103.19,12/14/2021,"?12,261.57",Debit Card,FALSE,4/21/2021,11/28/2021
298,Candi Cubbit,98,ccubbit89@businessweek.com,"120 Maharlika St., Brgy. San Pedro",Pateros,298,454.62,"?5,782.75",298,442.05,?155.30,3/19/2021,"?5,344.25",Credit Card,FALSE,8/11/2021,1/15/2021
299,Jaymie Affron,28,jaffron8a@cdc.gov,"157 Camia St., Brgy. San Antonio",San Juan,299,227.47,"?2,943.38",299,152.83,?106.03,6/18/2021,"?3,049.41",Debit Card,FALSE,4/28/2021,12/15/2021
300,Matias Smitherman,79,msmitherman8b@bravesites.com,"194 Ilang-Ilang St., Brgy. Tondo",Manila,300,247.18,"?3,189.75",300,43.27,?87.37,11/17/2021,"?2,949.41",Debit Card,FALSE,2/18/2021,8/22/2021
301,Antonella Womersley,31,awomersley8c@google.nl,"231 Sampaguita St., Brgy. Sampaloc",Manila,301,721.59,"?9,119.88",301,286.1,?128.74,2/6/2021,"?9,248.62",Bank Transfer,TRUE,1/27/2021,4/27/2021
302,Nolie Beare,86,nbeare8d@phpbb.com,"268 Mabini St., Brgy. Bago Bantay",Quezon City,302,191.58,"?2,494.75",302,280.8,?127.83,8/25/2021,"?2,360.32",Credit Card,FALSE,2/8/2021,12/6/2021
303,Darcee Olyfat,69,dolyfat8e@bloglovin.com,"305 Rizal Ave., Brgy. Commonwealth",Quezon City,303,645.01,"?8,162.63",303,160.68,?107.37,12/30/2021,"?8,270.00",Credit Card,TRUE,6/23/2021,10/22/2021
304,Alexia Mathias,55,amathias8f@about.me,"342 Narra St., Brgy. Pembo",Taguig,304,724.19,"?9,152.38",304,497.45,?164.74,1/6/2021,"?8,385.41",Debit Card,TRUE,7/22/2021,5/28/2021
305,Alphonso Rivaland,31,arivaland8g@jalbum.net,"379 Molave St., Brgy. Western Bicutan",Taguig,305,882.43,"?11,130.38",305,122.31,?100.83,4/2/2021,"?11,231.21",Debit Card,FALSE,5/8/2021,8/30/2021
306,Hurley Bingham,46,hbingham8h@weibo.com,"416 Acacia St., Brgy. Poblacion",Makati,306,308.42,"?3,955.25",306,166.19,?108.31,4/14/2021,"?3,657.20",Bank Transfer,TRUE,3/22/2021,3/29/2021
307,Milty Blockey,80,mblockey8i@pen.io,"453 Luna St., Brgy. Bangkal",Makati,307,676.7,"?8,558.75",307,176.51,?110.07,10/29/2021,"?8,668.82",Bank Transfer,TRUE,2/23/2021,11/14/2021
308,Evelyn Morston,83,emorston8j@xing.com,"490 Bonifacio St., Brgy. Malibay",Pasay,308,701.25,"?8,865.63",308,479.38,?161.66,12/26/2021,"?8,124.56",Debit Card,FALSE,12/19/2021,7/13/2021
309,Pearce Castro,25,pcastro8k@yahoo.com,"527 Kalayaan Ave., Brgy. Longos",Malabon,309,398.72,"?5,084.00",309,296.01,?130.42,5/29/2021,"?5,214.42",Debit Card,TRUE,2/5/2021,11/20/2021
310,Loella Sekulla,18,lsekulla8l@twitter.com,"564 Maharlika St., Brgy. San Roque",Navotas,310,178.73,"?2,334.13",310,231.63,?119.46,8/11/2021,"?2,208.23",Credit Card,TRUE,5/13/2021,10/21/2021
311,Kelcey Nuton,66,knuton8m@gnu.org,"601 Camia St., Brgy. Ugong",Valenzuela,311,317.05,"?4,063.13",311,240.61,?120.99,4/16/2021,"?4,184.12",Debit Card,FALSE,9/29/2021,8/13/2021
312,Lockwood Minghi,71,lminghi8n@wired.com,"638 Ilang-Ilang St., Brgy. Concepcion Uno",Marikina,312,207.93,"?2,699.13",312,98.17,?96.72,1/30/2021,"?2,516.27",Bank Transfer,FALSE,6/2/2021,3/27/2021
313,Kinnie Stihl,93,kstihl8o@wordpress.org,"675 Sampaguita St., Brgy. Kapitolyo",Pasig,313,636.27,"?8,053.38",313,429.93,?153.24,9/14/2021,"?8,206.62",Bank Transfer,TRUE,6/13/2021,3/30/2021
314,Flossie Dallemore,57,fdallemore8p@boston.com,"712 Mabini St., Brgy. Plainview",Mandaluyong,314,542.73,"?6,884.13",314,266.24,?125.35,7/27/2021,"?6,308.53",Credit Card,TRUE,1/1/2021,1/20/2021
315,Effie Franzetti,51,efranzetti8q@telegraph.co.uk,"749 Rizal Ave., Brgy. Baclaran",Parañaque,315,718.42,"?9,080.25",315,375.35,?143.94,11/15/2021,"?9,224.19",Debit Card,TRUE,3/12/2021,2/12/2021
316,Kimbell Darleston,71,kdarleston8r@techcrunch.com,"786 Narra St., Brgy. Almanza Uno",Las Piñas,316,906.04,"?11,425.50",316,290.98,?129.57,2/4/2021,"?10,399.56",Bank Transfer,FALSE,11/17/2021,12/5/2021
317,Sonnie Doeg,42,sdoeg8s@ycombinator.com,"823 Molave St., Brgy. Potrero",Malabon,317,116.61,"?1,557.63",317,472.03,?160.41,12/14/2021,"?1,718.04",Debit Card,TRUE,1/9/2021,5/30/2021
318,Noelani Willas,58,nwillas8t@mac.com,"860 Acacia St., Brgy. Bagumbayan",Taguig,318,869.65,"?10,970.63",318,287.1,?128.91,9/25/2021,"?9,989.59",Credit Card,FALSE,11/21/2021,6/26/2021
319,Queenie Cersey,66,qcersey8u@360.cn,"897 Luna St., Brgy. Kaunlaran",Caloocan,319,466.62,"?5,932.75",319,260.67,?124.40,11/25/2021,"?6,057.15",Credit Card,FALSE,8/23/2021,5/25/2021
320,Loise Hateley,34,lhateley8v@cam.ac.uk,"934 Bonifacio St., Brgy. Poblacion",Muntinlupa,320,992.23,"?12,502.88",320,401.78,?148.44,6/25/2021,"?11,386.19",Bank Transfer,TRUE,5/25/2021,11/26/2021
321,Wadsworth Cowerd,24,wcowerd8w@forbes.com,"971 Kalayaan Ave., Brgy. San Pedro",Pateros,321,968.19,"?12,202.38",321,257.26,?123.82,3/10/2021,"?12,326.20",Bank Transfer,TRUE,6/18/2021,12/17/2021
322,Germain Crutchley,84,gcrutchley8x@odnoklassniki.ru,"19 Maharlika St., Brgy. San Antonio",San Juan,322,862.96,"?10,887.00",322,439.43,?154.85,12/11/2021,"?9,937.67",Debit Card,TRUE,10/1/2021,3/29/2021
323,Thedrick Aldcorn,69,taldcorn8y@blogs.com,"56 Camia St., Brgy. Tondo",Manila,323,568.88,"?7,211.00",323,46.4,?87.90,11/10/2021,"?7,298.90",Credit Card,TRUE,3/24/2021,1/27/2021
324,Cahra Wilkes,86,cwilkes8z@cocolog-nifty.com,"93 Ilang-Ilang St., Brgy. Sampaloc",Manila,324,947.07,"?11,938.38",324,429.27,?153.12,6/9/2021,"?10,882.35",Credit Card,FALSE,11/21/2021,6/11/2021
325,Chris Dorling,68,cdorling90@dagondesign.com,"130 Sampaguita St., Brgy. Bago Bantay",Quezon City,325,732.83,"?9,260.38",325,113.83,?99.39,10/30/2021,"?9,359.77",Bank Transfer,TRUE,5/8/2021,9/12/2021
326,Desi Roberts,91,droberts91@stanford.edu,"167 Mabini St., Brgy. Commonwealth",Quezon City,326,593.22,"?7,515.25",326,318.27,?134.22,1/20/2021,"?6,884.52",Debit Card,TRUE,10/31/2021,9/7/2021
327,Emelina Kipping,36,ekipping92@xinhuanet.com,"204 Rizal Ave., Brgy. Pembo",Taguig,327,151.29,"?1,991.13",327,267.72,?125.60,6/9/2021,"?2,116.73",Credit Card,TRUE,7/7/2021,6/19/2021
328,Andreana Teml,80,ateml93@zimbio.com,"241 Narra St., Brgy. Western Bicutan",Taguig,328,885.47,"?11,168.38",328,88.34,?95.05,5/20/2021,"?10,137.09",Debit Card,FALSE,4/7/2021,3/13/2021
329,Robers Cummings,86,rcummings94@goodreads.com,"278 Molave St., Brgy. Poblacion",Makati,329,122.6,"?1,632.50",329,47.22,?88.04,12/8/2021,"?1,720.54",Debit Card,FALSE,8/24/2021,8/23/2021
330,Caria Heyball,73,cheyball95@examiner.com,"315 Acacia St., Brgy. Bangkal",Makati,330,712.37,"?9,004.63",330,188.22,?112.06,6/11/2021,"?8,205.02",Credit Card,FALSE,11/5/2021,3/16/2021
331,Olwen Merrilees,42,omerrilees96@paginegialle.it,"352 Luna St., Brgy. Malibay",Pasay,331,412.77,"?5,259.63",331,247.09,?122.09,2/10/2021,"?5,381.72",Bank Transfer,FALSE,7/23/2021,8/23/2021
332,Bent Pharrow,56,bpharrow97@state.gov,"389 Bonifacio St., Brgy. Longos",Malabon,332,811.48,"?10,243.50",332,10.96,?81.87,2/27/2021,"?9,292.83",Bank Transfer,FALSE,8/9/2021,11/21/2021
333,Feodora Vidler,86,fvidler98@mit.edu,"426 Kalayaan Ave., Brgy. San Roque",Navotas,333,362.62,"?4,632.75",333,241.22,?121.09,6/8/2021,"?4,753.84",Credit Card,TRUE,3/13/2021,5/29/2021
334,Ivar Persich,98,ipersich99@auda.org.au,"463 Maharlika St., Brgy. Ugong",Valenzuela,334,949.85,"?11,973.13",334,423.18,?152.09,11/17/2021,"?10,912.70",Bank Transfer,FALSE,9/6/2021,3/6/2021
335,Christina Robberecht,85,crobberecht9a@reddit.com,"500 Camia St., Brgy. Concepcion Uno",Marikina,335,39.31,?591.38,335,346.93,?139.10,8/3/2021,?730.48,Debit Card,TRUE,6/22/2021,7/1/2021
336,Leonelle Baude,87,lbaude9b@utexas.edu,"537 Ilang-Ilang St., Brgy. Kapitolyo",Pasig,336,389.55,"?4,969.38",336,376.29,?144.10,4/3/2021,"?4,602.13",Bank Transfer,FALSE,12/29/2021,4/8/2021
337,Benito Bachura,52,bbachura9c@adobe.com,"574 Sampaguita St., Brgy. Plainview",Mandaluyong,337,302.88,"?3,886.00",337,145.71,?104.82,5/13/2021,"?3,990.82",Debit Card,TRUE,6/24/2021,10/4/2021
338,Adan Whymark,49,awhymark9d@sourceforge.net,"611 Mabini St., Brgy. Baclaran",Parañaque,338,81.42,"?1,117.75",338,459.89,?158.34,12/24/2021,"?1,148.48",Credit Card,FALSE,5/20/2021,5/9/2021
339,Loleta Fraine,71,lfraine9e@acquirethisname.com,"648 Rizal Ave., Brgy. Almanza Uno",Las Piñas,339,962.48,"?12,131.00",339,82.14,?93.99,8/6/2021,"?12,224.99",Debit Card,TRUE,12/25/2021,10/10/2021
340,Olimpia Leitch,26,oleitch9f@psu.edu,"685 Narra St., Brgy. Potrero",Malabon,340,848.49,"?10,706.13",340,116.15,?99.79,4/6/2021,"?9,725.33",Debit Card,TRUE,1/17/2021,4/12/2021
341,Shana Shotter,33,sshotter9g@economist.com,"722 Molave St., Brgy. Bagumbayan",Taguig,341,636.36,"?8,054.50",341,397.29,?147.68,1/15/2021,"?8,202.18",Credit Card,TRUE,6/19/2021,1/1/2021
342,Cally Aysik,30,caysik9h@google.co.uk,"759 Acacia St., Brgy. Kaunlaran",Caloocan,342,84.88,"?1,161.00",342,472.01,?160.40,6/22/2021,"?1,189.26",Bank Transfer,FALSE,8/2/2021,2/2/2021
343,Sholom Bethel,39,sbethel9i@va.gov,"796 Luna St., Brgy. Poblacion",Muntinlupa,343,816.77,"?10,309.63",343,463.31,?158.92,8/28/2021,"?10,468.55",Credit Card,FALSE,11/24/2021,1/19/2021
344,Annemarie Ablott,46,aablott9j@pinterest.com,"833 Bonifacio St., Brgy. San Pedro",Pateros,344,687.39,"?8,692.38",344,121.04,?100.62,3/20/2021,"?7,913.70",Debit Card,FALSE,7/15/2021,12/16/2021
345,Reena Mawhinney,34,rmawhinney9k@moonfruit.com,"870 Kalayaan Ave., Brgy. San Antonio",San Juan,345,767.63,"?9,695.38",345,209.77,?115.73,7/31/2021,"?9,811.11",Bank Transfer,TRUE,5/30/2021,1/25/2021
346,Tera Brugman,96,tbrugman9l@naver.com,"907 Maharlika St., Brgy. Tondo",Manila,346,936.77,"?11,809.63",346,203.87,?114.73,8/17/2021,"?10,731.92",Credit Card,TRUE,9/21/2021,12/19/2021
347,Clayborn Medlin,60,cmedlin9m@posterous.com,"944 Camia St., Brgy. Sampaloc",Manila,347,385.36,"?4,917.00",347,407.24,?149.37,4/16/2021,"?5,066.37",Debit Card,TRUE,8/24/2021,5/25/2021
348,Shandee De Cleen,26,sde9n@yale.edu,"981 Ilang-Ilang St., Brgy. Bago Bantay",Quezon City,348,515.71,"?6,546.38",348,106.84,?98.20,4/14/2021,"?5,980.12",Debit Card,FALSE,10/13/2021,3/31/2021
349,Sargent Meaker,60,smeaker9o@reference.com,"29 Sampaguita St., Brgy. Commonwealth",Quezon City,349,677.75,"?8,571.88",349,154.62,?106.34,5/28/2021,"?8,678.22",Credit Card,TRUE,9/9/2021,5/10/2021
350,Anetta Guiett,64,aguiett9p@ezinearticles.com,"66 Mabini St., Brgy. Pembo",Taguig,350,847.04,"?10,688.00",350,74.92,?92.76,5/25/2021,"?9,702.68",Debit Card,FALSE,12/3/2021,2/20/2021
351,Lindsy Bogie,54,lbogie9q@census.gov,"103 Rizal Ave., Brgy. Western Bicutan",Taguig,351,800.04,"?10,100.50",351,316.09,?133.84,9/17/2021,"?10,234.34",Bank Transfer,TRUE,10/14/2021,9/28/2021
352,Angy Cassells,71,acassells9r@e-recht24.de,"140 Narra St., Brgy. Poblacion",Makati,352,589.84,"?7,473.00",352,1.02,?80.17,10/15/2021,"?6,797.85",Credit Card,TRUE,12/1/2021,1/29/2021
353,Ham Spurrior,21,hspurrior9s@msu.edu,"177 Molave St., Brgy. Bangkal",Makati,353,663.62,"?8,395.25",353,25.98,?84.43,2/10/2021,"?8,479.68",Bank Transfer,TRUE,7/21/2021,4/14/2021
354,Trisha Eilhermann,60,teilhermann9t@dropbox.com,"214 Acacia St., Brgy. Malibay",Pasay,354,573.58,"?7,269.75",354,245.31,?121.79,5/20/2021,"?6,652.39",Credit Card,TRUE,7/5/2021,3/8/2021
355,Gordie Rillett,90,grillett9u@washingtonpost.com,"251 Luna St., Brgy. Longos",Malabon,355,583.96,"?7,399.50",355,27.38,?84.66,1/2/2021,"?7,484.16",Credit Card,FALSE,5/29/2021,7/1/2021
356,Corly Heaphy,75,cheaphy9v@wunderground.com,"288 Bonifacio St., Brgy. San Roque",Navotas,356,887.38,"?11,192.25",356,22.39,?83.81,3/5/2021,"?10,148.45",Debit Card,FALSE,2/11/2021,10/21/2021
357,Vicki Bolwell,30,vbolwell9w@mozilla.org,"325 Kalayaan Ave., Brgy. Ugong",Valenzuela,357,598.36,"?7,579.50",357,120.27,?100.49,9/26/2021,"?7,679.99",Bank Transfer,FALSE,11/14/2021,11/2/2021
358,Fraser Twyning,32,ftwyning9x@gravatar.com,"362 Maharlika St., Brgy. Concepcion Uno",Marikina,358,826.7,"?10,433.75",358,431.06,?153.43,6/14/2021,"?9,528.46",Bank Transfer,FALSE,6/26/2021,4/13/2021
359,Celinda Brigman,47,cbrigman9y@bigcartel.com,"399 Camia St., Brgy. Kapitolyo",Pasig,359,109.6,"?1,470.00",359,387.23,?145.96,1/31/2021,"?1,615.96",Bank Transfer,FALSE,5/7/2021,11/11/2021
360,Gaby Struis,29,gstruis9z@craigslist.org,"436 Ilang-Ilang St., Brgy. Plainview",Mandaluyong,360,701.3,"?8,866.25",360,251,?122.76,5/22/2021,"?8,090.11",Debit Card,TRUE,11/2/2021,7/15/2021
361,Gabey Leyfield,25,gleyfielda0@mac.com,"473 Sampaguita St., Brgy. Baclaran",Parañaque,361,623.26,"?7,890.75",361,84.12,?94.33,1/27/2021,"?7,985.08",Credit Card,TRUE,7/2/2021,4/11/2021
362,Salomone Losano,64,slosanoa1@nhs.uk,"510 Mabini St., Brgy. Almanza Uno",Las Piñas,362,37.83,?572.88,362,399.73,?148.09,11/13/2021,?648.87,Debit Card,FALSE,8/30/2021,9/2/2021
363,Ben Shepland,85,bsheplanda2@seattletimes.com,"547 Rizal Ave., Brgy. Potrero",Malabon,363,885.18,"?11,164.75",363,91.96,?95.66,4/30/2021,"?11,260.41",Bank Transfer,FALSE,5/9/2021,1/23/2021
364,Britt Rodinger,58,brodingera3@harvard.edu,"584 Narra St., Brgy. Bagumbayan",Taguig,364,71.86,?998.25,364,190.2,?112.40,11/3/2021,?999.59,Bank Transfer,TRUE,6/29/2021,6/13/2021
365,Martha Upchurch,22,mupchurcha4@kickstarter.com,"621 Molave St., Brgy. Kaunlaran",Caloocan,365,745.9,"?9,423.75",365,430.55,?153.34,12/15/2021,"?9,577.09",Bank Transfer,FALSE,4/29/2021,6/9/2021
366,Johnna Cubitt,77,jcubitta5@studiopress.com,"658 Acacia St., Brgy. Poblacion",Muntinlupa,366,582.87,"?7,385.88",366,361.33,?141.55,11/17/2021,"?6,774.69",Bank Transfer,TRUE,2/9/2021,11/23/2021
367,Rebekkah McCourt,87,rmccourta6@xing.com,"695 Luna St., Brgy. San Pedro",Pateros,367,626.61,"?7,932.63",367,21.58,?83.68,10/4/2021,"?8,016.31",Credit Card,TRUE,6/30/2021,2/27/2021
368,Debi Dubbin,54,ddubbina7@list-manage.com,"732 Bonifacio St., Brgy. San Antonio",San Juan,368,123.64,"?1,645.50",368,273.11,?126.52,4/1/2021,"?1,594.82",Bank Transfer,TRUE,6/12/2021,6/29/2021
369,Daisey Burriss,46,dburrissa8@ocn.ne.jp,"769 Kalayaan Ave., Brgy. Tondo",Manila,369,651.22,"?8,240.25",369,153.14,?106.09,12/6/2021,"?8,346.34",Bank Transfer,TRUE,5/20/2021,8/27/2021
370,Sheelah Dunlea,75,sdunleaa9@huffingtonpost.com,"806 Maharlika St., Brgy. Sampaloc",Manila,370,230.56,"?2,982.00",370,96.56,?96.45,3/16/2021,"?2,770.61",Bank Transfer,FALSE,2/3/2021,6/25/2021
371,Savina Duesberry,67,sduesberryaa@sina.com.cn,"843 Camia St., Brgy. Bago Bantay",Quezon City,371,406.35,"?5,179.38",371,461.06,?158.54,1/21/2021,"?5,337.92",Debit Card,FALSE,9/9/2021,4/19/2021
372,Darius Harvison,57,dharvisonab@twitpic.com,"880 Ilang-Ilang St., Brgy. Commonwealth",Quezon City,372,811.72,"?10,246.50",372,189.34,?112.25,5/16/2021,"?9,322.88",Credit Card,FALSE,10/7/2021,12/2/2021
373,Tremain Spadeck,47,tspadeckac@who.int,"917 Sampaguita St., Brgy. Pembo",Taguig,373,617.81,"?7,822.62",373,204.46,?114.83,9/11/2021,"?7,937.45",Debit Card,FALSE,2/6/2021,7/13/2021
374,Burton Venour,76,bvenourad@jimdo.com,"954 Mabini St., Brgy. Western Bicutan",Taguig,374,228.57,"?2,957.13",374,310.33,?132.86,10/7/2021,"?2,780.99",Bank Transfer,TRUE,12/23/2021,7/16/2021
375,Marrilee Johanssen,90,mjohanssenae@mail.ru,"991 Rizal Ave., Brgy. Poblacion",Makati,375,539.98,"?6,849.75",375,466.8,?159.52,10/13/2021,"?7,009.27",Debit Card,FALSE,7/19/2021,8/27/2021
376,Hakeem Patty,29,hpattyaf@xing.com,"39 Narra St., Brgy. Bangkal",Makati,376,846,"?10,675.00",376,416.71,?150.98,7/17/2021,"?9,743.38",Bank Transfer,TRUE,1/13/2021,4/17/2021
377,Shel Litchfield,80,slitchfieldag@w3.org,"76 Molave St., Brgy. Malibay",Pasay,377,738.14,"?9,326.75",377,97.26,?96.57,2/27/2021,"?9,423.32",Credit Card,TRUE,7/31/2021,8/12/2021
378,Elden Yakushkin,99,eyakushkinah@disqus.com,"113 Acacia St., Brgy. Longos",Malabon,378,317.03,"?4,062.87",378,154.25,?106.28,12/8/2021,"?3,752.23",Credit Card,TRUE,3/20/2021,4/6/2021
379,Cammy Finlayson,75,cfinlaysonai@cargocollective.com,"150 Luna St., Brgy. San Roque",Navotas,379,282.64,"?3,633.00",379,274.95,?126.84,8/30/2021,"?3,759.84",Bank Transfer,FALSE,8/29/2021,9/26/2021
380,Byram Kliment,43,bklimentaj@hibu.com,"187 Bonifacio St., Brgy. Ugong",Valenzuela,380,299.09,"?3,838.62",380,118.7,?100.22,8/6/2021,"?3,544.96",Credit Card,FALSE,1/2/2021,12/12/2021
381,Elisabet Joliffe,44,ejoliffeak@google.com.br,"224 Kalayaan Ave., Brgy. Concepcion Uno",Marikina,381,772.55,"?9,756.88",381,76.47,?93.03,12/28/2021,"?9,849.91",Bank Transfer,FALSE,7/3/2021,12/30/2021
382,Zebedee Wardrope,66,zwardropeal@youtu.be,"261 Maharlika St., Brgy. Kapitolyo",Pasig,382,861.49,"?10,868.63",382,309.17,?132.67,8/29/2021,"?9,901.17",Debit Card,FALSE,2/3/2021,7/13/2021
383,Harriott Washington,44,hwashingtonam@cisco.com,"298 Camia St., Brgy. Plainview",Mandaluyong,383,230.88,"?2,986.00",383,397.81,?147.76,9/16/2021,"?3,133.76",Debit Card,TRUE,2/17/2021,7/26/2021
384,Pietrek Avey,39,paveyan@auda.org.au,"335 Ilang-Ilang St., Brgy. Baclaran",Parañaque,384,759.91,"?9,598.88",384,229.41,?119.08,11/19/2021,"?8,746.16",Credit Card,TRUE,6/26/2021,3/24/2021
385,Lanie Extil,83,lextilao@npr.org,"372 Sampaguita St., Brgy. Almanza Uno",Las Piñas,385,944.3,"?11,903.75",385,84.97,?94.47,12/14/2021,"?11,998.22",Bank Transfer,FALSE,9/20/2021,10/22/2021
386,Bambi Argrave,49,bargraveap@ovh.net,"409 Mabini St., Brgy. Potrero",Malabon,386,524.27,"?6,653.38",386,50.72,?88.64,6/2/2021,"?6,067.82",Bank Transfer,FALSE,1/14/2021,9/17/2021
387,Cece Bish,73,cbishaq@squidoo.com,"446 Rizal Ave., Brgy. Bagumbayan",Taguig,387,400.92,"?5,111.50",387,424.37,?152.29,2/12/2021,"?5,263.79",Debit Card,TRUE,10/10/2021,8/29/2021
388,Stacey Noe,55,snoear@angelfire.com,"483 Narra St., Brgy. Kaunlaran",Caloocan,388,820.5,"?10,356.25",388,485.64,?162.73,3/20/2021,"?9,467.08",Credit Card,TRUE,7/12/2021,3/11/2021
389,Katee Godbehere,49,kgodbehereas@sohu.com,"520 Molave St., Brgy. Poblacion",Muntinlupa,389,412.04,"?5,250.50",389,228.85,?118.98,6/12/2021,"?5,369.48",Bank Transfer,TRUE,5/2/2021,12/20/2021
390,Danita Duckels,45,dduckelsat@biblegateway.com,"557 Acacia St., Brgy. San Pedro",Pateros,390,293.17,"?3,764.63",390,358.64,?141.09,9/9/2021,"?3,515.15",Debit Card,TRUE,11/1/2021,5/6/2021
391,Erma Vicent,34,evicentau@smh.com.au,"594 Luna St., Brgy. San Antonio",San Juan,391,806.96,"?10,187.00",391,416.71,?150.98,8/2/2021,"?10,337.98",Bank Transfer,FALSE,5/5/2021,7/29/2021
392,Bidget O'Kennavain,79,bokennavainav@google.co.uk,"631 Bonifacio St., Brgy. Tondo",Manila,392,642.69,"?8,133.63",392,100.44,?97.11,5/22/2021,"?7,407.67",Bank Transfer,TRUE,11/10/2021,4/29/2021
393,Poppy Paty,92,ppatyaw@engadget.com,"668 Kalayaan Ave., Brgy. Sampaloc",Manila,393,206.96,"?2,687.00",393,233.61,?119.79,10/4/2021,"?2,806.79",Bank Transfer,TRUE,12/14/2021,4/18/2021
394,Kingsley McVie,54,kmcvieax@meetup.com,"705 Maharlika St., Brgy. Bago Bantay",Quezon City,394,554.44,"?7,030.50",394,231.92,?119.51,9/23/2021,"?6,435.01",Credit Card,FALSE,6/22/2021,6/2/2021
395,Riordan Winsper,79,rwinsperay@dropbox.com,"742 Camia St., Brgy. Commonwealth",Quezon City,395,467.06,"?5,938.25",395,340.14,?137.94,7/22/2021,"?6,076.19",Bank Transfer,TRUE,3/6/2021,7/16/2021
396,Alfonse Heinsen,98,aheinsenaz@chron.com,"779 Ilang-Ilang St., Brgy. Pembo",Taguig,396,841.05,"?10,613.13",396,479.49,?161.68,2/10/2021,"?9,697.33",Debit Card,TRUE,7/24/2021,11/18/2021
397,Durward Trosdall,53,dtrosdallb0@fema.gov,"816 Sampaguita St., Brgy. Western Bicutan",Taguig,397,557.71,"?7,071.38",397,14.98,?82.55,6/12/2021,"?7,153.93",Credit Card,TRUE,6/30/2021,4/23/2021
398,Cozmo Gerrelt,97,cgerreltb1@discovery.com,"853 Mabini St., Brgy. Poblacion",Makati,398,311.45,"?3,993.13",398,468.8,?159.86,7/3/2021,"?3,737.69",Debit Card,FALSE,7/2/2021,6/21/2021
399,Jolie Sabbin,59,jsabbinb2@mlb.com,"890 Rizal Ave., Brgy. Bangkal",Makati,399,912.53,"?11,506.63",399,443.16,?155.49,1/24/2021,"?11,662.12",Debit Card,TRUE,2/7/2021,10/1/2021
400,Ianthe St. Queintain,53,istb3@bravesites.com,"927 Narra St., Brgy. Malibay",Pasay,400,465.38,"?5,917.25",400,221.52,?117.73,7/19/2021,"?5,431.48",Bank Transfer,FALSE,12/29/2021,1/28/2021
401,Clemmie Alwen,27,calwenb4@eventbrite.com,"964 Molave St., Brgy. Longos",Malabon,401,91.75,"?1,246.88",401,349.38,?139.51,11/18/2021,"?1,386.39",Bank Transfer,TRUE,2/26/2021,10/29/2021
402,Melantha Royse,35,mroyseb5@gizmodo.com,"12 Acacia St., Brgy. San Roque",Navotas,402,834.82,"?10,535.25",402,241.78,?121.19,2/27/2021,"?9,590.80",Bank Transfer,FALSE,3/6/2021,11/14/2021
403,Kermy Cawsby,37,kcawsbyb6@ifeng.com,"49 Luna St., Brgy. Ugong",Valenzuela,403,745.81,"?9,422.63",403,453.08,?157.18,12/22/2021,"?9,579.81",Credit Card,TRUE,6/13/2021,12/18/2021
404,Anthiathia Gimeno,32,agimenob7@cbc.ca,"86 Bonifacio St., Brgy. Concepcion Uno",Marikina,404,174.88,"?2,286.00",404,292.32,?129.79,12/13/2021,"?2,174.21",Bank Transfer,FALSE,8/25/2021,9/28/2021
405,Bradney Greenhaugh,75,bgreenhaughb8@photobucket.com,"123 Kalayaan Ave., Brgy. Kapitolyo",Pasig,405,560.11,"?7,101.38",405,38.48,?86.55,7/2/2021,"?7,187.93",Debit Card,TRUE,9/4/2021,11/20/2021
406,Ciro MacLice,62,cmacliceb9@simplemachines.org,"160 Maharlika St., Brgy. Plainview",Mandaluyong,406,113.56,"?1,519.50",406,57.72,?89.83,1/9/2021,"?1,448.40",Bank Transfer,FALSE,2/13/2021,1/17/2021
407,Aile Maymond,93,amaymondba@reverbnation.com,"197 Camia St., Brgy. Baclaran",Parañaque,407,37.54,?569.25,407,45.94,?87.83,11/26/2021,?657.08,Bank Transfer,TRUE,12/17/2021,2/17/2021
408,Arron Abrahamson,29,aabrahamsonbb@storify.com,"234 Ilang-Ilang St., Brgy. Almanza Uno",Las Piñas,408,27.69,?446.13,408,443.53,?155.55,4/29/2021,?541.51,Bank Transfer,FALSE,5/19/2021,6/29/2021
409,Shae Mattiassi,38,smattiassibc@gov.uk,"271 Sampaguita St., Brgy. Potrero",Malabon,409,458.69,"?5,833.63",409,30.69,?85.23,2/14/2021,"?5,918.86",Credit Card,FALSE,2/11/2021,3/21/2021
410,Myrah de Zamora,60,mdebd@alexa.com,"308 Mabini St., Brgy. Bagumbayan",Taguig,410,884.09,"?11,151.13",410,32.24,?85.49,9/12/2021,"?10,112.96",Bank Transfer,FALSE,2/27/2021,7/27/2021
411,Aldo McNeill,48,amcneillbe@globo.com,"345 Rizal Ave., Brgy. Kaunlaran",Caloocan,411,969.46,"?12,218.25",411,470.58,?160.16,4/27/2021,"?12,378.41",Bank Transfer,TRUE,12/5/2021,9/7/2021
412,Dory Lebrun,43,dlebrunbf@baidu.com,"382 Narra St., Brgy. Poblacion",Muntinlupa,412,88.21,"?1,202.63",412,312.42,?133.22,9/21/2021,"?1,202.27",Bank Transfer,TRUE,10/31/2021,2/16/2021
413,Sunny Inett,72,sinettbg@cocolog-nifty.com,"419 Molave St., Brgy. San Pedro",Pateros,413,909.1,"?11,463.75",413,464.04,?159.05,9/23/2021,"?11,622.80",Bank Transfer,TRUE,5/30/2021,3/13/2021
414,Lilah Dorrington,39,ldorringtonbh@wikia.com,"456 Acacia St., Brgy. San Antonio",San Juan,414,745.55,"?9,419.38",414,134.62,?102.93,1/15/2021,"?8,570.08",Credit Card,FALSE,12/5/2021,11/25/2021
415,Thomas Funcheon,77,tfuncheonbi@ft.com,"493 Luna St., Brgy. Tondo",Manila,415,513.32,"?6,516.50",415,63.75,?90.86,8/21/2021,"?6,607.36",Credit Card,FALSE,11/5/2021,7/16/2021
416,Bobinette Zimmerman,27,bzimmermanbj@sakura.ne.jp,"530 Bonifacio St., Brgy. Sampaloc",Manila,416,356.9,"?4,561.25",416,362.69,?141.78,10/16/2021,"?4,232.73",Bank Transfer,FALSE,11/12/2021,11/13/2021
417,Adella Endon,67,aendonbk@usgs.gov,"567 Kalayaan Ave., Brgy. Bago Bantay",Quezon City,417,890.03,"?11,225.38",417,43.98,?87.49,4/21/2021,"?11,312.87",Credit Card,FALSE,3/21/2021,10/8/2021
418,Thornton Maryon,56,tmaryonbl@sun.com,"604 Maharlika St., Brgy. Commonwealth",Quezon City,418,437.53,"?5,569.13",418,65.25,?91.11,11/18/2021,"?5,094.22",Credit Card,TRUE,8/14/2021,9/21/2021
419,Rochester Kinny,69,rkinnybm@t.co,"641 Camia St., Brgy. Pembo",Taguig,419,762.57,"?9,632.13",419,477,?161.25,10/1/2021,"?9,793.38",Debit Card,FALSE,8/8/2021,12/11/2021
420,Harman Story,38,hstorybn@mozilla.com,"678 Ilang-Ilang St., Brgy. Western Bicutan",Taguig,420,336.19,"?4,302.38",420,466.9,?159.53,4/28/2021,"?4,015.72",Credit Card,TRUE,6/11/2021,6/24/2021
421,Jaclyn Hales,43,jhalesbo@google.es,"715 Sampaguita St., Brgy. Poblacion",Makati,421,154.78,"?2,034.75",421,341.07,?138.10,11/22/2021,"?2,172.85",Debit Card,FALSE,8/23/2021,4/12/2021
422,Wernher Grimsdike,40,wgrimsdikebp@pinterest.com,"752 Mabini St., Brgy. Bangkal",Makati,422,45.01,?662.63,422,96.71,?96.47,4/21/2021,?683.19,Credit Card,TRUE,10/31/2021,5/31/2021
423,Wash Diggle,72,wdigglebq@google.co.jp,"789 Rizal Ave., Brgy. Malibay",Pasay,423,162.85,"?2,135.63",423,109.03,?98.57,10/2/2021,"?2,234.20",Bank Transfer,FALSE,2/28/2021,3/14/2021
424,Fidela Moryson,61,fmorysonbr@typepad.com,"826 Narra St., Brgy. Longos",Malabon,424,938.13,"?11,826.63",424,449.91,?156.64,9/25/2021,"?10,784.94",Credit Card,FALSE,8/10/2021,5/22/2021
425,Florina Smead,61,fsmeadbs@g.co,"863 Molave St., Brgy. San Roque",Navotas,425,25.02,?412.75,425,326.9,?135.69,4/7/2021,?548.44,Credit Card,TRUE,4/11/2021,8/31/2021
426,Ilysa Wimlett,71,iwimlettbt@bizjournals.com,"900 Acacia St., Brgy. Ugong",Valenzuela,426,599.49,"?7,593.63",426,233.55,?119.78,7/11/2021,"?6,942.07",Bank Transfer,FALSE,5/16/2021,1/6/2021
427,Joelly Raiston,66,jraistonbu@ifeng.com,"937 Luna St., Brgy. Concepcion Uno",Marikina,427,978.18,"?12,327.25",427,111.99,?99.08,7/30/2021,"?12,426.33",Bank Transfer,TRUE,11/7/2021,9/27/2021
428,Rockwell Crilly,20,rcrillybv@cargocollective.com,"974 Bonifacio St., Brgy. Kapitolyo",Pasig,428,207.41,"?2,692.63",428,4.8,?80.82,1/14/2021,"?2,496.11",Bank Transfer,TRUE,9/2/2021,1/23/2021
429,Dudley Chipping,41,dchippingbw@vistaprint.com,"22 Kalayaan Ave., Brgy. Plainview",Mandaluyong,429,528.47,"?6,705.88",429,311.62,?133.08,5/24/2021,"?6,838.96",Bank Transfer,TRUE,12/3/2021,8/18/2021
430,Ignatius Damrel,92,idamrelbx@cyberchimps.com,"59 Maharlika St., Brgy. Baclaran",Parañaque,430,413.35,"?5,266.88",430,439.85,?154.93,4/19/2021,"?4,879.63",Bank Transfer,FALSE,12/22/2021,10/30/2021
431,Nance Olford,60,nolfordby@ftc.gov,"96 Camia St., Brgy. Almanza Uno",Las Piñas,431,582.68,"?7,383.50",431,441.2,?155.16,11/9/2021,"?7,538.66",Credit Card,FALSE,8/2/2021,4/30/2021
432,Tracie Corbishley,37,tcorbishleybz@shutterfly.com,"133 Ilang-Ilang St., Brgy. Potrero",Malabon,432,69.57,?969.62,432,235.79,?120.17,11/13/2021,?980.81,Debit Card,FALSE,12/27/2021,7/14/2021
433,Margette Bulle,33,mbullec0@loc.gov,"170 Sampaguita St., Brgy. Bagumbayan",Taguig,433,261.59,"?3,369.87",433,274.54,?126.77,2/20/2021,"?3,496.64",Credit Card,FALSE,10/8/2021,10/26/2021
434,Jenni Hulburt,71,jhulburtc1@wordpress.org,"207 Mabini St., Brgy. Kaunlaran",Caloocan,434,926.59,"?11,682.38",434,269.88,?125.97,4/21/2021,"?10,627.52",Credit Card,TRUE,10/31/2021,1/3/2021
435,Ivy Bonham,86,ibonhamc2@craigslist.org,"244 Rizal Ave., Brgy. Poblacion",Muntinlupa,435,210.61,"?2,732.63",435,200.66,?114.18,5/10/2021,"?2,846.81",Credit Card,FALSE,5/21/2021,4/1/2021
436,Dwayne O'Hannen,77,dohannenc3@cornell.edu,"281 Narra St., Brgy. San Pedro",Pateros,436,499.99,"?6,349.88",436,287.86,?129.04,3/10/2021,"?5,831.03",Bank Transfer,FALSE,2/7/2021,2/7/2021
437,Blayne Obell,85,bobellc4@illinois.edu,"318 Molave St., Brgy. San Antonio",San Juan,437,286.62,"?3,682.75",437,12.33,?82.10,1/29/2021,"?3,764.85",Debit Card,TRUE,4/9/2021,1/6/2021
438,Libby Locock,96,llocockc5@is.gd,"355 Acacia St., Brgy. Tondo",Manila,438,68.71,?958.87,438,409.25,?149.71,4/16/2021,?997.72,Credit Card,FALSE,12/2/2021,7/28/2021
439,Archer Butland,20,abutlandc6@ox.ac.uk,"392 Luna St., Brgy. Sampaloc",Manila,439,449.31,"?5,716.38",439,297.38,?130.66,10/4/2021,"?5,847.04",Debit Card,TRUE,12/1/2021,11/15/2021
440,Brandy Cordel,96,bcordelc7@arstechnica.com,"429 Bonifacio St., Brgy. Bago Bantay",Quezon City,440,734.6,"?9,282.50",440,431.49,?153.50,1/22/2021,"?8,492.40",Bank Transfer,FALSE,5/10/2021,1/1/2021
441,Tiler Sandle,100,tsandlec8@tmall.com,"466 Kalayaan Ave., Brgy. Commonwealth",Quezon City,441,48.61,?707.63,441,219.04,?117.31,10/27/2021,?824.94,Debit Card,TRUE,9/10/2021,7/2/2021
442,Marsh M'Chirrie,45,mmchirriec9@reddit.com,"503 Maharlika St., Brgy. Pembo",Taguig,442,65.61,?920.13,442,333.94,?136.88,9/11/2021,?951.31,Debit Card,TRUE,4/23/2021,5/28/2021
443,Hussein Grigorkin,23,hgrigorkinca@e-recht24.de,"540 Camia St., Brgy. Western Bicutan",Taguig,443,987.98,"?12,449.75",443,295.75,?130.38,6/13/2021,"?12,580.13",Bank Transfer,FALSE,5/20/2021,7/10/2021
444,Chastity Philipson,62,cphilipsoncb@google.com.hk,"577 Ilang-Ilang St., Brgy. Poblacion",Makati,444,512.73,"?6,509.13",444,436.74,?154.40,6/5/2021,"?5,997.18",Bank Transfer,TRUE,6/21/2021,4/6/2021
445,Althea Goodyear,81,agoodyearcc@miibeian.gov.cn,"614 Sampaguita St., Brgy. Bangkal",Makati,445,508.72,"?6,459.00",445,339.5,?137.83,7/27/2021,"?6,596.83",Debit Card,TRUE,7/25/2021,11/27/2021
446,Derick Sprowles,74,dsprowlescd@lulu.com,"651 Mabini St., Brgy. Malibay",Pasay,446,414.49,"?5,281.13",446,138.01,?103.51,9/14/2021,"?4,846.18",Credit Card,TRUE,8/16/2021,7/26/2021
447,Katey Zum Felde,89,kzumce@wix.com,"688 Rizal Ave., Brgy. Longos",Malabon,447,130.28,"?1,728.50",447,241.63,?121.16,11/12/2021,"?1,849.66",Debit Card,FALSE,2/8/2021,2/2/2021
448,Jack Titcom,23,jtitcomcf@goo.ne.jp,"725 Narra St., Brgy. San Roque",Navotas,448,403.46,"?5,143.25",448,158.11,?106.93,5/8/2021,"?4,725.16",Debit Card,FALSE,8/21/2021,1/24/2021
449,Opal Segeswoeth,90,osegeswoethcg@utexas.edu,"762 Molave St., Brgy. Ugong",Valenzuela,449,187.76,"?2,447.00",449,77.51,?93.20,6/11/2021,"?2,540.20",Debit Card,FALSE,8/27/2021,8/13/2021
450,Sigvard Brannon,88,sbrannonch@unesco.org,"799 Acacia St., Brgy. Concepcion Uno",Marikina,450,446.31,"?5,678.88",450,351.77,?139.92,3/30/2021,"?5,236.92",Bank Transfer,FALSE,3/28/2021,10/7/2021
451,Sayers Sear,78,ssearci@icio.us,"836 Luna St., Brgy. Kapitolyo",Pasig,451,351.71,"?4,496.38",451,459.28,?158.24,3/26/2021,"?4,654.62",Bank Transfer,TRUE,8/26/2021,5/27/2021
452,Sylvester Verdey,51,sverdeycj@about.com,"873 Bonifacio St., Brgy. Plainview",Mandaluyong,452,821.92,"?10,374.00",452,493.75,?164.11,7/9/2021,"?9,484.30",Credit Card,TRUE,12/14/2021,6/2/2021
453,Kimball Pendrigh,47,kpendrighck@4shared.com,"910 Kalayaan Ave., Brgy. Baclaran",Parañaque,453,573.42,"?7,267.75",453,216.16,?116.82,6/8/2021,"?7,384.57",Credit Card,FALSE,11/13/2021,11/27/2021
454,Yvonne Burgen,87,yburgencl@hostgator.com,"947 Maharlika St., Brgy. Almanza Uno",Las Piñas,454,794.09,"?10,026.13",454,433.14,?153.78,9/25/2021,"?9,161.92",Bank Transfer,TRUE,10/28/2021,8/16/2021
455,Clea Sheeres,92,csheerescm@nature.com,"984 Camia St., Brgy. Potrero",Malabon,455,377.4,"?4,817.50",455,101.24,?97.25,4/22/2021,"?4,914.75",Credit Card,TRUE,1/15/2021,12/13/2021
456,Agretha Havers,31,ahaverscn@symantec.com,"32 Ilang-Ilang St., Brgy. Bagumbayan",Taguig,456,61.98,?874.75,456,104.63,?97.82,8/16/2021,?875.31,Debit Card,FALSE,10/27/2021,7/11/2021
457,Dionis Kells,70,dkellsco@nasa.gov,"69 Sampaguita St., Brgy. Kaunlaran",Caloocan,457,226.4,"?2,930.00",457,300.03,?131.11,5/29/2021,"?3,061.11",Bank Transfer,FALSE,1/11/2021,10/12/2021
458,Thomasa McCart,85,tmccartcp@reddit.com,"106 Mabini St., Brgy. Poblacion",Muntinlupa,458,212.06,"?2,750.75",458,473.11,?160.59,4/29/2021,"?2,620.21",Bank Transfer,FALSE,4/26/2021,2/16/2021
459,Trude Elliker,67,tellikercq@yolasite.com,"143 Rizal Ave., Brgy. San Pedro",Pateros,459,802.22,"?10,127.75",459,466.61,?159.48,1/10/2021,"?10,287.23",Credit Card,TRUE,5/27/2021,7/17/2021
460,Emlyn Faulder,39,efauldercr@wiley.com,"180 Narra St., Brgy. San Antonio",San Juan,460,904.29,"?11,403.63",460,212.55,?116.21,12/9/2021,"?10,367.86",Debit Card,TRUE,9/27/2021,11/4/2021
461,Christean Gales,65,cgalescs@unblog.fr,"217 Molave St., Brgy. Tondo",Manila,461,246.7,"?3,183.75",461,256.22,?123.65,12/10/2021,"?3,307.40",Debit Card,TRUE,7/28/2021,6/11/2021
462,Rycca Beggin,79,rbegginct@imageshack.us,"254 Acacia St., Brgy. Sampaloc",Manila,462,352.97,"?4,512.13",462,261.79,?124.59,1/5/2021,"?4,173.05",Debit Card,TRUE,6/30/2021,5/9/2021
463,Nikoletta Leroy,24,nleroycu@archive.org,"291 Luna St., Brgy. Bago Bantay",Quezon City,463,94.01,"?1,275.13",463,483.68,?162.39,3/9/2021,"?1,437.52",Debit Card,FALSE,12/3/2021,3/26/2021
464,Jake Waring,86,jwaringcv@admin.ch,"328 Bonifacio St., Brgy. Commonwealth",Quezon City,464,781,"?9,862.50",464,185.59,?111.61,10/14/2021,"?8,976.70",Bank Transfer,TRUE,9/25/2021,11/18/2021
465,Eleni Tosney,42,etosneycw@php.net,"365 Kalayaan Ave., Brgy. Pembo",Taguig,465,592.68,"?7,508.50",465,295.84,?130.39,5/6/2021,"?7,638.89",Bank Transfer,TRUE,12/16/2021,12/20/2021
466,Diahann Devons,79,ddevonscx@examiner.com,"402 Maharlika St., Brgy. Western Bicutan",Taguig,466,561.04,"?7,113.00",466,270.94,?126.15,1/31/2021,"?6,515.24",Debit Card,TRUE,3/27/2021,8/18/2021
467,Zack Giottini,43,zgiottinicy@indiatimes.com,"439 Camia St., Brgy. Poblacion",Makati,467,414.79,"?5,284.88",467,248.73,?122.37,9/30/2021,"?5,407.25",Credit Card,FALSE,9/8/2021,6/19/2021
468,Humfried Stelli,46,hstellicz@bravesites.com,"476 Ilang-Ilang St., Brgy. Bangkal",Makati,468,387.48,"?4,943.50",468,413.41,?150.42,10/12/2021,"?4,584.53",Debit Card,TRUE,6/14/2021,4/14/2021
469,Jennine Sampey,31,jsampeyd0@bizjournals.com,"513 Sampaguita St., Brgy. Malibay",Pasay,469,235.94,"?3,049.25",469,291.64,?129.68,9/9/2021,"?3,178.93",Credit Card,FALSE,3/25/2021,12/27/2021
470,Ursola Shasnan,43,ushasnand1@indiegogo.com,"550 Mabini St., Brgy. Longos",Malabon,470,582.57,"?7,382.13",470,292.83,?129.88,7/21/2021,"?6,760.81",Credit Card,FALSE,8/4/2021,9/9/2021
471,Ulric Braunstein,21,ubraunsteind2@jugem.jp,"587 Rizal Ave., Brgy. San Roque",Navotas,471,42.9,?636.25,471,63.4,?90.80,3/20/2021,?727.05,Credit Card,TRUE,12/10/2021,11/26/2021
472,Rey Hebden,63,rhebdend3@ed.gov,"624 Narra St., Brgy. Ugong",Valenzuela,472,532.93,"?6,761.62",472,486.55,?162.88,5/1/2021,"?6,232.05",Bank Transfer,TRUE,3/23/2021,6/17/2021
473,Orv Tappington,18,otappingtond4@simplemachines.org,"661 Molave St., Brgy. Concepcion Uno",Marikina,473,190.76,"?2,484.50",473,97.9,?96.68,7/25/2021,"?2,581.18",Debit Card,TRUE,10/26/2021,7/21/2021
474,Mose Jendrassik,56,mjendrassikd5@about.me,"698 Acacia St., Brgy. Kapitolyo",Pasig,474,809.82,"?10,222.75",474,171.73,?109.25,6/21/2021,"?9,298.80",Credit Card,FALSE,6/30/2021,11/16/2021
475,Pryce Urlin,98,purlind6@msu.edu,"735 Luna St., Brgy. Plainview",Mandaluyong,475,406.53,"?5,181.63",475,165.49,?108.19,10/13/2021,"?5,289.82",Credit Card,TRUE,4/15/2021,11/2/2021
476,Cornelle Baal,26,cbaald7@plala.or.jp,"772 Bonifacio St., Brgy. Baclaran",Parañaque,476,430.07,"?5,475.88",476,332.36,?136.62,11/14/2021,"?5,051.25",Credit Card,FALSE,9/24/2021,8/12/2021
477,Hedda Dust,86,hdustd8@wiley.com,"809 Kalayaan Ave., Brgy. Almanza Uno",Las Piñas,477,674.63,"?8,532.88",477,144.87,?104.68,8/4/2021,"?8,637.56",Credit Card,TRUE,3/30/2021,10/27/2021
478,Vlad Haseley,41,vhaseleyd9@ucoz.com,"846 Maharlika St., Brgy. Potrero",Malabon,478,874.52,"?11,031.50",478,303.66,?131.73,2/27/2021,"?10,046.91",Credit Card,FALSE,12/11/2021,5/6/2021
479,Tristan Rottgers,25,trottgersda@domainmarket.com,"883 Camia St., Brgy. Bagumbayan",Taguig,479,814.88,"?10,286.00",479,364.1,?142.02,5/9/2021,"?10,428.02",Bank Transfer,TRUE,12/23/2021,6/29/2021
480,Jerrilee Hallan,19,jhallandb@nymag.com,"920 Ilang-Ilang St., Brgy. Kaunlaran",Caloocan,480,981.5,"?12,368.75",480,267.21,?125.52,12/6/2021,"?11,244.84",Credit Card,FALSE,8/6/2021,6/12/2021
481,Birdie Clamp,70,bclampdc@earthlink.net,"957 Sampaguita St., Brgy. Poblacion",Muntinlupa,481,833.64,"?10,520.50",481,499.19,?165.03,2/16/2021,"?10,685.53",Debit Card,FALSE,6/28/2021,9/16/2021
482,Bax Doughton,55,bdoughtondd@surveymonkey.com,"994 Mabini St., Brgy. San Pedro",Pateros,482,501.82,"?6,372.75",482,417.86,?151.18,8/28/2021,"?5,871.54",Debit Card,TRUE,12/10/2021,12/8/2021
483,Demetre Vanshin,82,dvanshinde@samsung.com,"42 Rizal Ave., Brgy. San Antonio",San Juan,483,624.65,"?7,908.13",483,226.7,?118.62,10/2/2021,"?8,026.75",Debit Card,FALSE,2/25/2021,7/26/2021
484,Ricki Heintze,88,rheintzedf@cnbc.com,"79 Narra St., Brgy. Tondo",Manila,484,140,"?1,850.00",484,295.68,?130.37,12/10/2021,"?1,782.33",Debit Card,FALSE,8/27/2021,1/2/2021
485,Ibbie Wernham,56,iwernhamdg@msu.edu,"116 Molave St., Brgy. Sampaloc",Manila,485,161.71,"?2,121.38",485,332.45,?136.63,11/2/2021,"?2,258.01",Bank Transfer,TRUE,11/15/2021,6/2/2021
486,Johnath Hadley,69,jhadleydh@microsoft.com,"153 Acacia St., Brgy. Bago Bantay",Quezon City,486,471.61,"?5,995.13",486,144.83,?104.67,12/11/2021,"?5,489.82",Debit Card,FALSE,11/6/2021,4/10/2021
487,Alvin Keggins,55,akegginsdi@spotify.com,"190 Luna St., Brgy. Commonwealth",Quezon City,487,756.3,"?9,553.75",487,204.59,?114.85,6/7/2021,"?9,668.60",Debit Card,TRUE,2/9/2021,9/2/2021
488,Hadleigh Robardley,62,hrobardleydj@businesswire.com,"227 Bonifacio St., Brgy. Pembo",Taguig,488,752.86,"?9,510.75",488,419.99,?151.54,3/11/2021,"?8,696.06",Bank Transfer,TRUE,10/9/2021,8/20/2021
489,Lin Hiom,94,lhiomdk@netscape.com,"264 Kalayaan Ave., Brgy. Western Bicutan",Taguig,489,349.85,"?4,473.13",489,17.97,?83.06,9/8/2021,"?4,556.19",Credit Card,FALSE,2/17/2021,10/28/2021
490,Arline Canepe,65,acanepedl@usa.gov,"301 Maharlika St., Brgy. Poblacion",Makati,490,741.41,"?9,367.63",490,262.87,?124.78,10/23/2021,"?8,543.17",Credit Card,FALSE,7/9/2021,3/23/2021
491,Marvin Backshaw,62,mbackshawdm@kickstarter.com,"338 Camia St., Brgy. Bangkal",Makati,491,554.01,"?7,025.13",491,445.65,?155.91,10/13/2021,"?7,181.04",Bank Transfer,TRUE,8/6/2021,6/3/2021
492,Jeramey Worgen,64,jworgendn@msu.edu,"375 Ilang-Ilang St., Brgy. Malibay",Pasay,492,115.3,"?1,541.25",492,254.54,?123.36,4/15/2021,"?1,498.15",Credit Card,FALSE,8/1/2021,9/15/2021
493,Chery Boater,40,cboaterdo@boston.com,"412 Sampaguita St., Brgy. Longos",Malabon,493,499.7,"?6,346.25",493,413.96,?150.52,7/16/2021,"?6,496.77",Bank Transfer,FALSE,6/28/2021,12/30/2021
494,Annabelle Frederick,35,afrederickdp@businesswire.com,"449 Mabini St., Brgy. San Roque",Navotas,494,112.82,"?1,510.25",494,93.73,?95.97,7/29/2021,"?1,445.60",Bank Transfer,TRUE,11/21/2021,7/17/2021
495,Carri Rubinovitsch,78,crubinovitschdq@t-online.de,"486 Rizal Ave., Brgy. Ugong",Valenzuela,495,502.91,"?6,386.38",495,57.74,?89.84,7/19/2021,"?6,476.22",Credit Card,TRUE,1/6/2021,11/15/2021
496,Sashenka Handrok,62,shandrokdr@devhub.com,"523 Narra St., Brgy. Concepcion Uno",Marikina,496,709.01,"?8,962.63",496,84.77,?94.44,11/28/2021,"?8,151.36",Credit Card,FALSE,6/6/2021,6/24/2021
497,Carlene Olivie,77,colivieds@ow.ly,"560 Molave St., Brgy. Kapitolyo",Pasig,497,597.65,"?7,570.63",497,345.17,?138.80,1/10/2021,"?7,709.43",Credit Card,TRUE,7/23/2021,11/6/2021
498,Mabelle Got,49,mgotdt@shop-pro.jp,"597 Acacia St., Brgy. Plainview",Mandaluyong,498,855.58,"?10,794.75",498,216.84,?116.94,10/21/2021,"?9,820.52",Bank Transfer,FALSE,1/13/2021,6/13/2021
499,Stevy Isakov,95,sisakovdu@abc.net.au,"634 Luna St., Brgy. Baclaran",Parañaque,499,657.2,"?8,315.00",499,70.63,?92.03,11/23/2021,"?8,407.03",Credit Card,FALSE,3/9/2021,3/20/2021
500,Johanna Matfield,54,jmatfielddv@ebay.com,"671 Bonifacio St., Brgy. Almanza Uno",Las Piñas,500,557.05,"?7,063.12",500,76.32,?93.00,4/3/2021,"?6,440.51",Credit Card,TRUE,8/18/2021,3/11/2021
501,Samara McCowan,90,smccowandw@biblegateway.com,"708 Kalayaan Ave., Brgy. Potrero",Malabon,501,326.25,"?4,178.13",501,80.14,?93.65,9/29/2021,"?4,271.78",Debit Card,TRUE,9/2/2021,7/30/2021
502,Filmore Bolzmann,89,fbolzmanndx@sphinn.com,"745 Maharlika St., Brgy. Bagumbayan",Taguig,502,861.64,"?10,870.50",502,340.04,?137.92,5/17/2021,"?9,907.58",Debit Card,TRUE,1/19/2021,3/31/2021
503,Phillipe Samart,85,psamartdy@instagram.com,"782 Camia St., Brgy. Kaunlaran",Caloocan,503,347.21,"?4,440.13",503,211.13,?115.96,6/12/2021,"?4,556.09",Credit Card,TRUE,2/15/2021,3/10/2021
504,Zack Yonge,87,zyongedz@chron.com,"819 Ilang-Ilang St., Brgy. Poblacion",Muntinlupa,504,441.71,"?5,621.38",504,451.76,?156.95,12/12/2021,"?5,200.50",Debit Card,FALSE,10/12/2021,11/9/2021
505,Kerianne Bernardin,33,kbernardine0@shinystat.com,"856 Sampaguita St., Brgy. San Pedro",Pateros,505,818.62,"?10,332.75",505,144.43,?104.60,12/4/2021,"?10,437.35",Bank Transfer,FALSE,8/21/2021,8/20/2021
506,Lorilyn Binney,30,lbinneye1@yahoo.co.jp,"893 Mabini St., Brgy. San Antonio",San Juan,506,100.71,"?1,358.88",506,134.76,?102.96,3/5/2021,"?1,315.66",Debit Card,TRUE,6/22/2021,4/25/2021
507,Jamal Duffrie,61,jduffriee2@cocolog-nifty.com,"930 Rizal Ave., Brgy. Tondo",Manila,507,130.74,"?1,734.25",507,243.16,?121.42,9/3/2021,"?1,855.67",Debit Card,FALSE,1/29/2021,9/11/2021
508,Raffaello Crankshaw,19,rcrankshawe3@creativecommons.org,"967 Narra St., Brgy. Sampaloc",Manila,508,383.92,"?4,899.00",508,68.57,?91.68,7/4/2021,"?4,491.61",Debit Card,TRUE,11/10/2021,2/22/2021
509,Maynard Newcom,97,mnewcome4@mediafire.com,"15 Molave St., Brgy. Bago Bantay",Quezon City,509,525.09,"?6,663.63",509,296.38,?130.49,9/8/2021,"?6,794.12",Bank Transfer,FALSE,12/28/2021,3/5/2021
510,Blythe Stearnes,79,bstearnese5@vkontakte.ru,"52 Acacia St., Brgy. Commonwealth",Quezon City,510,996.21,"?12,552.63",510,177.75,?110.28,1/3/2021,"?11,396.62",Bank Transfer,FALSE,10/24/2021,10/10/2021
511,Betsy Gossage,71,bgossagee6@diigo.com,"89 Luna St., Brgy. Pembo",Taguig,511,563.49,"?7,143.63",511,432.11,?153.61,1/28/2021,"?7,297.24",Debit Card,FALSE,1/22/2021,3/19/2021
512,Merell Elcum,69,melcume7@usatoday.com,"126 Bonifacio St., Brgy. Western Bicutan",Taguig,512,62.28,?878.50,512,373.92,?143.69,6/15/2021,?919.97,Bank Transfer,TRUE,5/13/2021,12/14/2021
513,Cyndie Brandreth,26,cbrandrethe8@sakura.ne.jp,"163 Kalayaan Ave., Brgy. Poblacion",Makati,513,45.94,?674.25,513,485.02,?162.62,11/1/2021,?836.87,Debit Card,FALSE,9/26/2021,2/4/2021
514,Odessa Streeting,85,ostreetinge9@github.com,"200 Maharlika St., Brgy. Bangkal",Makati,514,536.91,"?6,811.38",514,277.77,?127.32,5/10/2021,"?6,244.83",Credit Card,FALSE,4/8/2021,3/6/2021
515,Nial Elnaugh,81,nelnaughea@google.co.jp,"237 Camia St., Brgy. Malibay",Pasay,515,466.2,"?5,927.50",515,453.78,?157.30,1/29/2021,"?6,084.80",Bank Transfer,FALSE,5/11/2021,10/9/2021
516,Robby Noddles,84,rnoddleseb@nytimes.com,"274 Ilang-Ilang St., Brgy. Longos",Malabon,516,925.82,"?11,672.75",516,204.06,?114.76,9/16/2021,"?10,608.76",Credit Card,FALSE,1/5/2021,12/19/2021
517,Sadye Beddis,69,sbeddisec@skyrock.com,"311 Sampaguita St., Brgy. San Roque",Navotas,517,429.63,"?5,470.38",517,89.85,?95.31,12/7/2021,"?5,565.69",Credit Card,FALSE,1/7/2021,8/6/2021
518,Claybourne Croisier,87,ccroisiered@jimdo.com,"348 Mabini St., Brgy. Ugong",Valenzuela,518,659.23,"?8,340.38",518,43.44,?87.40,9/23/2021,"?7,585.00",Bank Transfer,TRUE,12/25/2021,9/15/2021
519,Shina Farres,66,sfarresee@businessinsider.com,"385 Rizal Ave., Brgy. Concepcion Uno",Marikina,519,916.09,"?11,551.13",519,413.49,?150.44,4/11/2021,"?11,701.57",Bank Transfer,TRUE,11/22/2021,6/3/2021
520,Radcliffe Loy,49,rloyef@wikia.com,"422 Narra St., Brgy. Kapitolyo",Pasig,520,521.38,"?6,617.25",520,312.32,?133.20,10/8/2021,"?6,075.41",Bank Transfer,FALSE,6/11/2021,4/13/2021
521,Corney Drever,39,cdrevereg@friendfeed.com,"459 Molave St., Brgy. Plainview",Mandaluyong,521,647.35,"?8,191.88",521,124.25,?101.17,1/8/2021,"?8,293.05",Credit Card,TRUE,10/24/2021,2/19/2021
522,Selina Paula,45,spaulaeh@squidoo.com,"496 Acacia St., Brgy. Baclaran",Parañaque,522,420.03,"?5,350.38",522,14.76,?82.51,1/13/2021,"?4,889.60",Credit Card,TRUE,9/27/2021,9/19/2021
523,Winni Rydeard,92,wrydeardei@freewebs.com,"533 Luna St., Brgy. Almanza Uno",Las Piñas,523,786.95,"?9,936.88",523,205.76,?115.05,10/17/2021,"?10,051.93",Debit Card,TRUE,11/30/2021,7/24/2021
524,Malynda Doumer,25,mdoumerej@exblog.jp,"570 Bonifacio St., Brgy. Potrero",Malabon,524,394.42,"?5,030.25",524,412.99,?150.35,4/10/2021,"?4,662.54",Bank Transfer,FALSE,8/14/2021,11/15/2021
525,Berkie Kacheler,25,bkachelerek@ed.gov,"607 Kalayaan Ave., Brgy. Bagumbayan",Taguig,525,860.34,"?10,854.25",525,258.42,?124.02,11/4/2021,"?10,978.27",Bank Transfer,TRUE,11/6/2021,1/15/2021
526,Iolanthe Piegrome,99,ipiegromeel@nsw.gov.au,"644 Maharlika St., Brgy. Kaunlaran",Caloocan,526,616.19,"?7,802.38",526,186.1,?111.70,10/19/2021,"?7,122.67",Bank Transfer,TRUE,8/30/2021,7/19/2021
527,Crosby Arzu,79,carzuem@slideshare.net,"681 Camia St., Brgy. Poblacion",Muntinlupa,527,619.71,"?7,846.38",527,295.23,?130.29,1/23/2021,"?7,976.67",Credit Card,FALSE,11/17/2021,5/8/2021
528,Kat Davids,100,kdavidsen@earthlink.net,"718 Ilang-Ilang St., Brgy. San Pedro",Pateros,528,120.9,"?1,611.25",528,155.66,?106.52,8/21/2021,"?1,545.99",Debit Card,FALSE,5/6/2021,7/15/2021
529,Grenville Ambrosoni,30,gambrosonieo@blog.com,"755 Sampaguita St., Brgy. San Antonio",San Juan,529,373.87,"?4,773.38",529,171.9,?109.28,4/30/2021,"?4,882.66",Debit Card,FALSE,3/14/2021,2/6/2021
530,Leonore Brydie,33,lbrydieep@hp.com,"792 Mabini St., Brgy. Tondo",Manila,530,777.77,"?9,822.13",530,251.7,?122.88,12/22/2021,"?8,950.51",Credit Card,FALSE,1/7/2021,4/9/2021
531,Elly Peak,59,epeakeq@mediafire.com,"829 Rizal Ave., Brgy. Sampaloc",Manila,531,86.73,"?1,184.13",531,190.51,?112.45,5/27/2021,"?1,296.58",Credit Card,FALSE,6/25/2021,10/15/2021
532,Fowler Klemensiewicz,79,fklemensiewiczer@chron.com,"866 Narra St., Brgy. Bago Bantay",Quezon City,532,508.47,"?6,455.88",532,435.6,?154.20,9/3/2021,"?5,949.07",Credit Card,FALSE,10/14/2021,3/30/2021
533,Nathalie Cartmer,18,ncartmeres@webnode.com,"903 Molave St., Brgy. Commonwealth",Quezon City,533,188.01,"?2,450.13",533,272.6,?126.44,7/30/2021,"?2,576.57",Bank Transfer,TRUE,9/27/2021,8/9/2021
534,Jess Dyneley,86,jdyneleyet@businessweek.com,"940 Acacia St., Brgy. Pembo",Taguig,534,661.66,"?8,370.75",534,357.9,?140.97,3/17/2021,"?7,660.55",Bank Transfer,FALSE,2/3/2021,11/20/2021
535,Roley Kentish,59,rkentisheu@netlog.com,"977 Luna St., Brgy. Western Bicutan",Taguig,535,498.32,"?6,329.00",535,287.85,?129.03,4/9/2021,"?6,458.03",Bank Transfer,TRUE,7/2/2021,12/29/2021
536,Peggy Maltby,65,pmaltbyev@parallels.com,"25 Bonifacio St., Brgy. Poblacion",Makati,536,613.59,"?7,769.88",536,202.25,?114.45,3/14/2021,"?7,095.90",Credit Card,TRUE,8/2/2021,12/10/2021
537,Russell Sattin,98,rsattinew@yandex.ru,"62 Kalayaan Ave., Brgy. Bangkal",Makati,537,849.19,"?10,714.88",537,159.54,?107.18,5/3/2021,"?10,822.06",Bank Transfer,FALSE,4/1/2021,7/20/2021
538,Adelaida Gissing,30,agissingex@pcworld.com,"99 Maharlika St., Brgy. Malibay",Pasay,538,703.75,"?8,896.88",538,55.6,?89.47,7/6/2021,"?8,087.71",Credit Card,FALSE,4/14/2021,5/18/2021
539,Lu Kyncl,24,lkyncley@thetimes.co.uk,"136 Camia St., Brgy. Longos",Malabon,539,359.45,"?4,593.13",539,279.05,?127.53,8/29/2021,"?4,720.66",Credit Card,FALSE,10/20/2021,7/12/2021
540,Camellia Kimbly,89,ckimblyez@harvard.edu,"173 Ilang-Ilang St., Brgy. San Roque",Navotas,540,790.26,"?9,978.25",540,243.86,?121.54,10/31/2021,"?9,089.81",Debit Card,TRUE,3/8/2021,9/22/2021
541,Leopold McNellis,75,lmcnellisf0@hubpages.com,"210 Sampaguita St., Brgy. Ugong",Valenzuela,541,35.38,?542.25,541,71.04,?92.10,12/25/2021,?634.35,Debit Card,FALSE,9/13/2021,5/5/2021
542,Vidovic O'Rodane,93,vorodanef1@marketwatch.com,"247 Mabini St., Brgy. Concepcion Uno",Marikina,542,474.88,"?6,036.00",542,171.97,?109.29,10/19/2021,"?5,530.76",Debit Card,FALSE,9/5/2021,6/20/2021
543,Joyous Keighly,100,jkeighlyf2@joomla.org,"284 Rizal Ave., Brgy. Kapitolyo",Pasig,543,263.21,"?3,390.12",543,24.33,?84.14,10/26/2021,"?3,474.26",Debit Card,TRUE,10/23/2021,10/20/2021
544,Justinn Leheude,59,jleheudef3@tripadvisor.com,"321 Narra St., Brgy. Plainview",Mandaluyong,544,852.47,"?10,755.88",544,41.35,?87.04,7/16/2021,"?9,758.63",Bank Transfer,FALSE,10/25/2021,4/17/2021
545,Zorine Roach,26,zroachf4@netlog.com,"358 Molave St., Brgy. Baclaran",Parañaque,545,398.68,"?5,083.50",545,183.87,?111.32,3/14/2021,"?5,194.82",Bank Transfer,FALSE,4/22/2021,2/22/2021
546,Geri Tungate,79,gtungatef5@phpbb.com,"395 Acacia St., Brgy. Almanza Uno",Las Piñas,546,400.47,"?5,105.88",546,257.25,?123.82,7/31/2021,"?4,706.73",Credit Card,TRUE,1/23/2021,9/7/2021
547,Marve Stuehmeier,89,mstuehmeierf6@google.de,"432 Luna St., Brgy. Potrero",Malabon,547,670.81,"?8,485.13",547,260.7,?124.41,2/12/2021,"?8,609.54",Credit Card,FALSE,7/5/2021,8/15/2021
548,Franky Caught,34,fcaughtf7@gravatar.com,"469 Bonifacio St., Brgy. Bagumbayan",Taguig,548,973.83,"?12,272.88",548,450.41,?156.72,5/13/2021,"?11,186.64",Debit Card,FALSE,4/2/2021,12/6/2021
549,Jake Stanbrooke,33,jstanbrookef8@soundcloud.com,"506 Kalayaan Ave., Brgy. Kaunlaran",Caloocan,549,649.25,"?8,215.63",549,370.09,?143.04,11/17/2021,"?8,358.67",Credit Card,TRUE,3/13/2021,11/24/2021
550,Petey Championnet,78,pchampionnetf9@goo.ne.jp,"543 Maharlika St., Brgy. Poblacion",Muntinlupa,550,798.35,"?10,079.38",550,124.98,?101.29,7/26/2021,"?9,162.60",Bank Transfer,TRUE,2/10/2021,2/1/2021
551,Norene Finding,88,nfindingfa@dion.ne.jp,"580 Camia St., Brgy. San Pedro",Pateros,551,556.14,"?7,051.75",551,379.83,?144.70,5/29/2021,"?7,196.45",Bank Transfer,TRUE,6/7/2021,5/15/2021
552,Earle Benedetti,76,ebenedettifb@tripod.com,"617 Ilang-Ilang St., Brgy. San Antonio",San Juan,552,282.03,"?3,625.37",552,451.71,?156.95,3/11/2021,"?3,404.09",Bank Transfer,FALSE,7/16/2021,2/1/2021
553,Stewart Truckell,20,struckellfc@weebly.com,"654 Sampaguita St., Brgy. Tondo",Manila,553,667.19,"?8,439.88",553,225.74,?118.45,4/30/2021,"?8,558.33",Debit Card,FALSE,4/12/2021,1/19/2021
554,Lyndel Orwin,75,lorwinfd@usa.gov,"691 Mabini St., Brgy. Sampaloc",Manila,554,120.01,"?1,600.13",554,328.21,?135.91,2/17/2021,"?1,562.44",Credit Card,TRUE,10/9/2021,8/13/2021
555,Daisie Beese,72,dbeesefe@nasa.gov,"728 Rizal Ave., Brgy. Bago Bantay",Quezon City,555,534.86,"?6,785.75",555,187.01,?111.86,10/15/2021,"?6,897.61",Credit Card,FALSE,8/25/2021,6/20/2021
556,Findlay Royl,28,froylff@independent.co.uk,"765 Narra St., Brgy. Commonwealth",Quezon City,556,740.83,"?9,360.38",556,355.39,?140.54,5/9/2021,"?8,550.83",Bank Transfer,TRUE,6/14/2021,2/13/2021
557,Corie Bushby,20,cbushbyfg@livejournal.com,"802 Molave St., Brgy. Pembo",Taguig,557,947.94,"?11,949.25",557,485.88,?162.77,8/23/2021,"?12,112.02",Credit Card,TRUE,8/15/2021,12/19/2021
558,Jonas Volke,53,jvolkefh@shareasale.com,"839 Acacia St., Brgy. Western Bicutan",Taguig,558,966.27,"?12,178.38",558,443.08,?155.48,12/2/2021,"?11,100.47",Bank Transfer,TRUE,6/22/2021,11/27/2021
559,Ernestine Rentenbeck,81,erentenbeckfi@japanpost.jp,"876 Luna St., Brgy. Poblacion",Makati,559,478.24,"?6,078.00",559,49.44,?88.42,7/8/2021,"?6,166.42",Debit Card,FALSE,12/2/2021,11/10/2021
560,Fannie Leatham,94,fleathamfj@chron.com,"913 Bonifacio St., Brgy. Bangkal",Makati,560,202.1,"?2,626.25",560,226.19,?118.53,11/2/2021,"?2,470.30",Debit Card,FALSE,5/29/2021,5/28/2021
561,Chere Seniour,62,cseniourfk@dion.ne.jp,"950 Kalayaan Ave., Brgy. Malibay",Pasay,561,306.43,"?3,930.38",561,389.59,?146.36,5/27/2021,"?4,076.74",Bank Transfer,TRUE,4/4/2021,7/2/2021
562,Cornall Bayfield,27,cbayfieldfl@e-recht24.de,"987 Maharlika St., Brgy. Longos",Malabon,562,807.58,"?10,194.75",562,38.55,?86.57,12/20/2021,"?9,253.19",Debit Card,FALSE,3/11/2021,3/17/2021
563,Perri Abdy,68,pabdyfm@bloglovin.com,"35 Camia St., Brgy. San Roque",Navotas,563,630.03,"?7,975.38",563,257.19,?123.81,5/22/2021,"?8,099.19",Bank Transfer,TRUE,6/26/2021,9/28/2021
564,Dar Bernhardsson,54,dbernhardssonfn@pen.io,"72 Ilang-Ilang St., Brgy. Ugong",Valenzuela,564,91.15,"?1,239.38",564,97.2,?96.56,12/12/2021,"?1,202.35",Credit Card,TRUE,1/7/2021,12/3/2021
565,Juliet Itzchaki,23,jitzchakifo@biblegateway.com,"109 Sampaguita St., Brgy. Concepcion Uno",Marikina,565,976.05,"?12,300.63",565,282.39,?128.10,2/14/2021,"?12,428.73",Bank Transfer,TRUE,7/2/2021,9/28/2021
566,Zorine felip,62,zfelipfp@pcworld.com,"146 Mabini St., Brgy. Kapitolyo",Pasig,566,871.02,"?10,987.75",566,432.76,?153.72,5/24/2021,"?10,027.32",Debit Card,TRUE,10/30/2021,6/29/2021
567,Chelsea Gildersleaves,69,cgildersleavesfq@biblegateway.com,"183 Rizal Ave., Brgy. Plainview",Mandaluyong,567,677.95,"?8,574.38",567,471.6,?160.33,11/25/2021,"?8,734.71",Debit Card,TRUE,8/11/2021,7/14/2021
568,Hedvige Giabuzzi,71,hgiabuzzifr@unicef.org,"220 Narra St., Brgy. Baclaran",Parañaque,568,369.44,"?4,718.00",568,238.57,?120.64,9/12/2021,"?4,354.78",Bank Transfer,FALSE,12/9/2021,1/6/2021
569,Bonnee Shall,20,bshallfs@360.cn,"257 Molave St., Brgy. Almanza Uno",Las Piñas,569,775.48,"?9,793.50",569,34.86,?85.94,10/29/2021,"?9,879.44",Credit Card,FALSE,4/29/2021,2/27/2021
570,Jyoti Nolleau,27,jnolleauft@comsenz.com,"294 Acacia St., Brgy. Potrero",Malabon,570,548.1,"?6,951.25",570,129.02,?101.98,2/13/2021,"?6,347.91",Debit Card,FALSE,3/10/2021,5/3/2021
571,Marline Tayloe,25,mtayloefu@chron.com,"331 Luna St., Brgy. Bagumbayan",Taguig,571,621.06,"?7,863.25",571,214.5,?116.54,2/27/2021,"?7,979.79",Bank Transfer,FALSE,6/6/2021,8/17/2021
572,Cherlyn Wilber,18,cwilberfv@mapy.cz,"368 Bonifacio St., Brgy. Kaunlaran",Caloocan,572,64.77,?909.63,572,13.11,?82.23,7/13/2021,?892.67,Debit Card,FALSE,5/11/2021,5/4/2021
573,Libby Skeen,46,lskeenfw@bloglines.com,"405 Kalayaan Ave., Brgy. Poblacion",Muntinlupa,573,343.04,"?4,388.00",573,358.51,?141.07,3/10/2021,"?4,529.07",Debit Card,TRUE,7/29/2021,10/2/2021
574,Hastie Parres,24,hparresfx@facebook.com,"442 Maharlika St., Brgy. San Pedro",Pateros,574,726.4,"?9,180.00",574,197.31,?113.61,11/30/2021,"?8,364.25",Credit Card,TRUE,8/27/2021,10/25/2021
575,Raychel Feragh,36,rferaghfy@cdc.gov,"479 Camia St., Brgy. San Antonio",San Juan,575,258.83,"?3,335.38",575,265.68,?125.26,7/5/2021,"?3,460.64",Debit Card,TRUE,9/1/2021,8/31/2021
576,Cecilius Brunnen,32,cbrunnenfz@arizona.edu,"516 Ilang-Ilang St., Brgy. Tondo",Manila,576,102.59,"?1,382.38",576,475.67,?161.03,7/13/2021,"?1,389.07",Debit Card,TRUE,3/29/2021,9/10/2021
577,Sloan Miko,22,smikog0@cocolog-nifty.com,"553 Sampaguita St., Brgy. Sampaloc",Manila,577,254.9,"?3,286.25",577,27,?84.60,9/25/2021,"?3,370.85",Bank Transfer,FALSE,3/26/2021,8/26/2021
578,Claretta Papa,27,cpapag1@salon.com,"590 Mabini St., Brgy. Bago Bantay",Quezon City,578,292.68,"?3,758.50",578,206.71,?115.21,2/6/2021,"?3,486.34",Bank Transfer,TRUE,10/7/2021,6/13/2021
579,Georgy Oppy,19,goppyg2@rediff.com,"627 Rizal Ave., Brgy. Commonwealth",Quezon City,579,482.79,"?6,134.88",579,492.34,?163.87,3/20/2021,"?6,298.75",Credit Card,TRUE,10/2/2021,12/25/2021
580,Ernie Sanpher,33,esanpherg3@google.com,"664 Narra St., Brgy. Pembo",Taguig,580,899.14,"?11,339.25",580,295.43,?130.32,1/20/2021,"?10,322.61",Bank Transfer,TRUE,8/24/2021,6/17/2021
581,Eddie Blinman,59,eblinmang4@multiply.com,"701 Molave St., Brgy. Western Bicutan",Taguig,581,831.34,"?10,491.75",581,416.87,?151.01,10/29/2021,"?10,642.76",Bank Transfer,TRUE,5/13/2021,9/21/2021
582,Trenna Esposita,27,tespositag5@feedburner.com,"738 Acacia St., Brgy. Poblacion",Makati,582,541.53,"?6,869.13",582,284.01,?128.38,1/21/2021,"?6,297.76",Credit Card,TRUE,3/14/2021,3/12/2021
583,Jilli Doche,21,jdocheg6@skyrock.com,"775 Luna St., Brgy. Bangkal",Makati,583,36.06,?550.75,583,435.48,?154.18,10/23/2021,?704.93,Credit Card,TRUE,5/24/2021,10/24/2021
584,Heather Coulthard,19,hcoulthardg7@plala.or.jp,"812 Bonifacio St., Brgy. Malibay",Pasay,584,776.94,"?9,811.75",584,229.03,?119.01,12/10/2021,"?8,937.68",Debit Card,TRUE,10/14/2021,11/1/2021
585,Dela Vanin,29,dvaning8@examiner.com,"849 Kalayaan Ave., Brgy. Longos",Malabon,585,916.1,"?11,551.25",585,27.77,?84.73,9/20/2021,"?11,635.98",Credit Card,TRUE,8/8/2021,8/19/2021
586,Blithe Clibbery,29,bclibberyg9@whitehouse.gov,"886 Maharlika St., Brgy. San Roque",Navotas,586,30.62,?482.75,586,129.5,?102.06,3/29/2021,?526.33,Debit Card,TRUE,12/29/2021,3/31/2021
587,Jacintha Valti,30,jvaltiga@google.cn,"923 Camia St., Brgy. Ugong",Valenzuela,587,300.11,"?3,851.38",587,495.05,?164.33,9/28/2021,"?4,015.71",Bank Transfer,TRUE,11/23/2021,10/20/2021
588,Roseanna Podbury,57,rpodburygb@slate.com,"960 Ilang-Ilang St., Brgy. Concepcion Uno",Marikina,588,201.32,"?2,616.50",588,353.53,?140.22,8/14/2021,"?2,481.05",Bank Transfer,TRUE,5/14/2021,9/16/2021
589,Rosina Iveans,51,riveansgc@comsenz.com,"997 Sampaguita St., Brgy. Kapitolyo",Pasig,589,726.84,"?9,185.50",589,114.8,?99.56,2/5/2021,"?9,285.06",Credit Card,TRUE,6/28/2021,8/24/2021
590,Rutter Pudsey,44,rpudseygd@comcast.net,"45 Mabini St., Brgy. Plainview",Mandaluyong,590,202.92,"?2,636.50",590,261.78,?124.59,6/24/2021,"?2,484.98",Debit Card,FALSE,10/29/2021,6/30/2021
591,Terri-jo Soigoux,94,tsoigouxge@multiply.com,"82 Rizal Ave., Brgy. Baclaran",Parañaque,591,813.3,"?10,266.25",591,303.45,?131.69,3/9/2021,"?10,397.94",Debit Card,TRUE,6/25/2021,8/2/2021
592,Winny Kenen,60,wkenengf@furl.net,"119 Narra St., Brgy. Almanza Uno",Las Piñas,592,815.53,"?10,294.13",592,225.05,?118.34,9/15/2021,"?9,371.22",Bank Transfer,TRUE,1/29/2021,7/15/2021
593,Quillan Spreadbury,31,qspreadburygg@ca.gov,"156 Molave St., Brgy. Potrero",Malabon,593,938.1,"?11,826.25",593,199.91,?114.05,11/16/2021,"?11,940.30",Bank Transfer,TRUE,3/15/2021,5/14/2021
594,Neysa Arent,52,narentgh@diigo.com,"193 Acacia St., Brgy. Bagumbayan",Taguig,594,30.44,?480.50,594,75.08,?92.79,3/2/2021,?515.96,Debit Card,TRUE,6/30/2021,3/6/2021
595,Angela Juszczak,61,ajuszczakgi@ucoz.com,"230 Luna St., Brgy. Kaunlaran",Caloocan,595,456.96,"?5,812.00",595,7.5,?81.28,3/13/2021,"?5,893.28",Debit Card,TRUE,9/21/2021,2/19/2021
596,Agnese Getley,52,agetleygj@fastcompany.com,"267 Bonifacio St., Brgy. Poblacion",Muntinlupa,596,918.33,"?11,579.13",596,52.09,?88.87,5/21/2021,"?10,501.20",Credit Card,TRUE,10/3/2021,11/4/2021
597,Konrad Venable,31,kvenablegk@booking.com,"304 Kalayaan Ave., Brgy. San Pedro",Pateros,597,176.9,"?2,311.25",597,24.29,?84.14,11/14/2021,"?2,395.39",Debit Card,TRUE,9/30/2021,8/9/2021
598,Jean Dunbobin,95,jdunbobingl@live.com,"341 Maharlika St., Brgy. San Antonio",San Juan,598,508.82,"?6,460.25",598,272.56,?126.43,12/28/2021,"?5,928.01",Debit Card,TRUE,6/7/2021,12/15/2021
599,Dee dee Paliser,18,ddeegm@nytimes.com,"378 Camia St., Brgy. Tondo",Manila,599,363.9,"?4,648.75",599,232.83,?119.66,9/6/2021,"?4,768.41",Debit Card,FALSE,6/4/2021,9/3/2021
600,Linc MacAindreis,86,lmacaindreisgn@posterous.com,"415 Ilang-Ilang St., Brgy. Sampaloc",Manila,600,982.14,"?12,376.75",600,376.31,?144.10,5/26/2021,"?11,268.77",Bank Transfer,TRUE,12/29/2021,8/12/2021
601,Lita Wythill,51,lwythillgo@bloglines.com,"452 Sampaguita St., Brgy. Bago Bantay",Quezon City,601,17.13,?314.13,601,123.34,?101.01,8/15/2021,?415.14,Credit Card,FALSE,3/5/2021,6/19/2021
602,Riccardo Plumbley,59,rplumbleygp@skype.com,"489 Mabini St., Brgy. Commonwealth",Quezon City,602,198.76,"?2,584.50",602,131.34,?102.37,3/14/2021,"?2,418.18",Bank Transfer,TRUE,5/2/2021,11/23/2021
603,Alisun Guwer,67,aguwergq@example.com,"526 Rizal Ave., Brgy. Pembo",Taguig,603,356.78,"?4,559.75",603,260.02,?124.29,3/30/2021,"?4,684.04",Debit Card,FALSE,1/22/2021,12/11/2021
604,Margalo Houseley,56,mhouseleygr@wp.com,"563 Narra St., Brgy. Western Bicutan",Taguig,604,249.98,"?3,224.75",604,468.96,?159.88,5/23/2021,"?3,046.17",Credit Card,FALSE,8/30/2021,3/9/2021
605,Bartie Aldren,34,baldrengs@tinyurl.com,"600 Molave St., Brgy. Poblacion",Makati,605,41.23,?615.38,605,260.73,?124.41,10/19/2021,?739.79,Bank Transfer,TRUE,12/19/2021,7/28/2021
606,Darnall Morcombe,21,dmorcombegt@biblegateway.com,"637 Acacia St., Brgy. Bangkal",Makati,606,635.65,"?8,045.63",606,474.16,?160.77,2/5/2021,"?7,385.76",Debit Card,TRUE,11/8/2021,4/8/2021
607,Micky Skippings,73,mskippingsgu@prlog.org,"674 Luna St., Brgy. Malibay",Pasay,607,265.98,"?3,424.75",607,229.79,?119.14,11/24/2021,"?3,543.89",Debit Card,FALSE,1/20/2021,1/7/2021
608,Staffard Wadeling,83,swadelinggv@java.com,"711 Bonifacio St., Brgy. Longos",Malabon,608,543.33,"?6,891.63",608,228.34,?118.90,9/10/2021,"?6,309.48",Debit Card,TRUE,1/26/2021,9/17/2021
609,Hildegaard Earp,55,hearpgw@livejournal.com,"748 Kalayaan Ave., Brgy. San Roque",Navotas,609,20.93,?361.63,609,275.46,?126.92,4/28/2021,?488.55,Bank Transfer,FALSE,1/28/2021,5/18/2021
610,Aylmer Ethridge,86,aethridgegx@github.com,"785 Maharlika St., Brgy. Ugong",Valenzuela,610,996.37,"?12,554.63",610,44.81,?87.63,7/30/2021,"?11,378.03",Debit Card,TRUE,4/18/2021,8/19/2021
611,Vinnie Heater,65,vheatergy@ning.com,"822 Camia St., Brgy. Concepcion Uno",Marikina,611,933.73,"?11,771.63",611,223.91,?118.14,5/21/2021,"?11,889.77",Debit Card,TRUE,10/4/2021,6/30/2021
612,Patsy Chettle,33,pchettlegz@slideshare.net,"859 Ilang-Ilang St., Brgy. Kapitolyo",Pasig,612,213.01,"?2,762.63",612,415.43,?150.77,9/25/2021,"?2,622.06",Bank Transfer,TRUE,3/4/2021,11/12/2021
613,Hank Clohessy,37,hclohessyh0@wunderground.com,"896 Sampaguita St., Brgy. Plainview",Mandaluyong,613,718.27,"?9,078.38",613,419.81,?151.51,1/11/2021,"?9,229.89",Debit Card,TRUE,4/10/2021,10/23/2021
614,Sheridan Lavallie,31,slavallieh1@cisco.com,"933 Mabini St., Brgy. Baclaran",Parañaque,614,47.93,?699.13,614,425.49,?152.48,6/1/2021,?766.45,Credit Card,TRUE,3/4/2021,3/14/2021
615,Loren Brogioni,72,lbrogionih2@purevolume.com,"970 Rizal Ave., Brgy. Almanza Uno",Las Piñas,615,545.53,"?6,919.13",615,472.02,?160.41,12/18/2021,"?7,079.54",Bank Transfer,FALSE,3/20/2021,8/31/2021
616,Dianna Cardillo,99,dcardilloh3@fc2.com,"18 Narra St., Brgy. Potrero",Malabon,616,857.5,"?10,818.75",616,86.38,?94.71,1/16/2021,"?9,822.11",Bank Transfer,FALSE,5/31/2021,11/11/2021
617,Tamar Loughney,76,tloughneyh4@hatena.ne.jp,"55 Molave St., Brgy. Bagumbayan",Taguig,617,18.18,?327.25,617,376.65,?144.16,4/4/2021,?471.41,Debit Card,FALSE,3/9/2021,8/11/2021
618,Francine Ohrt,91,fohrth5@seattletimes.com,"92 Acacia St., Brgy. Kaunlaran",Caloocan,618,809.75,"?10,221.88",618,278.44,?127.43,7/5/2021,"?9,314.38",Credit Card,TRUE,4/29/2021,6/3/2021
619,Izabel Hayer,71,ihayerh6@zimbio.com,"129 Luna St., Brgy. Poblacion",Muntinlupa,619,5.29,?166.13,619,424.85,?152.37,2/21/2021,?318.50,Credit Card,TRUE,1/3/2021,3/10/2021
620,Elfie Hastwell,70,ehastwellh7@edublogs.org,"166 Bonifacio St., Brgy. San Pedro",Pateros,620,666.56,"?8,432.00",620,294.17,?130.11,10/20/2021,"?7,705.90",Debit Card,TRUE,8/28/2021,9/21/2021
621,Yoshi Matityahu,22,ymatityahuh8@salon.com,"203 Kalayaan Ave., Brgy. San Antonio",San Juan,621,410.51,"?5,231.38",621,92.26,?95.72,3/2/2021,"?5,327.10",Credit Card,TRUE,10/15/2021,8/15/2021
622,Trever Standell,35,tstandellh9@taobao.com,"240 Maharlika St., Brgy. Tondo",Manila,622,363.5,"?4,643.75",622,202.42,?114.48,2/7/2021,"?4,282.41",Credit Card,TRUE,1/25/2021,8/21/2021
623,Nadia Cockerton,25,ncockertonha@fastcompany.com,"277 Camia St., Brgy. Sampaloc",Manila,623,39.99,?599.88,623,171.72,?109.25,10/13/2021,?709.13,Bank Transfer,FALSE,5/18/2021,8/2/2021
624,King Book,50,kbookhb@123-reg.co.uk,"314 Ilang-Ilang St., Brgy. Bago Bantay",Quezon City,624,891.39,"?11,242.38",624,74.69,?92.72,9/1/2021,"?10,201.59",Bank Transfer,TRUE,11/7/2021,3/2/2021
625,Tiffani Varran,51,tvarranhc@dedecms.com,"351 Sampaguita St., Brgy. Commonwealth",Quezon City,625,123.81,"?1,647.63",625,124.62,?101.23,4/27/2021,"?1,748.86",Bank Transfer,FALSE,1/2/2021,9/19/2021
626,Demetria Crisell,21,dcrisellhd@oaic.gov.au,"388 Mabini St., Brgy. Pembo",Taguig,626,908.56,"?11,457.00",626,231.56,?119.44,2/10/2021,"?10,418.80",Credit Card,FALSE,6/24/2021,2/17/2021
627,Tom Pantecost,68,tpantecosthe@omniture.com,"425 Rizal Ave., Brgy. Western Bicutan",Taguig,627,349.36,"?4,467.00",627,269.19,?125.85,8/21/2021,"?4,592.85",Debit Card,TRUE,3/21/2021,5/15/2021
628,Laurene Noirel,97,lnoirelhf@statcounter.com,"462 Narra St., Brgy. Poblacion",Makati,628,716.07,"?9,050.88",628,282.73,?128.16,7/6/2021,"?8,261.14",Credit Card,TRUE,5/13/2021,12/30/2021
629,Shaylyn Kinnett,78,skinnetthg@merriam-webster.com,"499 Molave St., Brgy. Bangkal",Makati,629,799.71,"?10,096.38",629,113.63,?99.36,10/2/2021,"?10,195.74",Bank Transfer,TRUE,6/11/2021,6/1/2021
630,Clifford Tidmarsh,67,ctidmarshhh@amazon.de,"536 Acacia St., Brgy. Malibay",Pasay,630,348.16,"?4,452.00",630,375.71,?144.00,12/3/2021,"?4,136.40",Credit Card,FALSE,1/6/2021,11/17/2021
631,Elsinore Thwaites,74,ethwaiteshi@wunderground.com,"573 Luna St., Brgy. Longos",Malabon,631,349.69,"?4,471.13",631,477.18,?161.28,9/8/2021,"?4,632.41",Credit Card,TRUE,5/9/2021,3/31/2021
632,Oates Yarham,99,oyarhamhj@microsoft.com,"610 Bonifacio St., Brgy. San Roque",Navotas,632,395.32,"?5,041.50",632,157.7,?106.86,1/7/2021,"?4,633.52",Debit Card,FALSE,7/31/2021,10/23/2021
633,Denni Ruger,94,drugerhk@1und1.de,"647 Kalayaan Ave., Brgy. Ugong",Valenzuela,633,16.22,?302.75,633,206.2,?115.12,2/4/2021,?417.87,Debit Card,FALSE,12/8/2021,10/2/2021
634,Lara Sitwell,77,lsitwellhl@google.com.br,"684 Maharlika St., Brgy. Concepcion Uno",Marikina,634,206.73,"?2,684.13",634,280.97,?127.86,5/14/2021,"?2,530.79",Debit Card,FALSE,5/6/2021,8/19/2021
635,Rogers Isacoff,89,risacoffhm@psu.edu,"721 Camia St., Brgy. Kapitolyo",Pasig,635,917.59,"?11,569.88",635,174.65,?109.75,4/7/2021,"?11,679.63",Bank Transfer,FALSE,8/8/2021,8/25/2021
636,Brett MacAlpin,73,bmacalpinhn@liveinternet.ru,"758 Ilang-Ilang St., Brgy. Plainview",Mandaluyong,636,272.86,"?3,510.75",636,498.1,?164.85,5/25/2021,"?3,308.04",Debit Card,FALSE,11/6/2021,6/12/2021
637,Kessia Edgington,89,kedgingtonho@adobe.com,"795 Sampaguita St., Brgy. Baclaran",Parañaque,637,372.88,"?4,761.00",637,252.18,?122.96,7/16/2021,"?4,883.96",Debit Card,FALSE,4/26/2021,11/18/2021
638,De witt Bebbell,47,dwitthp@cnbc.com,"832 Mabini St., Brgy. Almanza Uno",Las Piñas,638,138.49,"?1,831.13",638,281.09,?127.88,5/17/2021,"?1,763.11",Credit Card,FALSE,2/2/2021,4/2/2021
639,Lonna Milberry,83,lmilberryhq@admin.ch,"869 Rizal Ave., Brgy. Potrero",Malabon,639,978.24,"?12,328.00",639,4.69,?80.80,10/22/2021,"?12,408.80",Bank Transfer,FALSE,8/8/2021,7/13/2021
640,Jayme Load,44,jloadhr@ihg.com,"906 Narra St., Brgy. Bagumbayan",Taguig,640,550.9,"?6,986.25",640,304.92,?131.94,8/25/2021,"?6,406.37",Bank Transfer,FALSE,7/23/2021,9/3/2021
641,Mina Poschel,18,mposchelhs@ted.com,"943 Molave St., Brgy. Kaunlaran",Caloocan,641,231.83,"?2,997.88",641,487.15,?162.98,3/8/2021,"?3,160.86",Bank Transfer,FALSE,10/9/2021,10/8/2021
642,Say Chiommienti,25,schiommientiht@liveinternet.ru,"980 Acacia St., Brgy. Poblacion",Muntinlupa,642,419.61,"?5,345.13",642,132.23,?102.52,5/9/2021,"?4,902.89",Credit Card,TRUE,2/6/2021,7/29/2021
643,Charmane Castrillo,73,ccastrillohu@archive.org,"28 Luna St., Brgy. San Pedro",Pateros,643,957.52,"?12,069.00",643,233.99,?119.86,4/8/2021,"?12,188.86",Debit Card,TRUE,9/26/2021,2/17/2021
644,Billy Moxstead,87,bmoxsteadhv@hud.gov,"65 Bonifacio St., Brgy. San Antonio",San Juan,644,686.03,"?8,675.38",644,76.71,?93.07,12/2/2021,"?7,891.61",Bank Transfer,TRUE,11/30/2021,4/25/2021
645,Rhiamon Marcus,22,rmarcushw@nbcnews.com,"102 Kalayaan Ave., Brgy. Tondo",Manila,645,987.22,"?12,440.25",645,212.45,?116.19,4/1/2021,"?12,556.44",Debit Card,FALSE,2/16/2021,2/22/2021
646,Renaldo Cleall,43,rcleallhx@japanpost.jp,"139 Maharlika St., Brgy. Sampaloc",Manila,646,527.9,"?6,698.75",646,7.53,?81.28,6/9/2021,"?6,102.03",Debit Card,FALSE,2/26/2021,8/20/2021
647,Carson Northage,85,cnorthagehy@multiply.com,"176 Camia St., Brgy. Bago Bantay",Quezon City,647,464.93,"?5,911.63",647,409.4,?149.74,3/4/2021,"?6,061.37",Credit Card,TRUE,7/7/2021,12/8/2021
648,Timothea Reyson,21,treysonhz@google.com.br,"213 Ilang-Ilang St., Brgy. Commonwealth",Quezon City,648,869.68,"?10,971.00",648,63.79,?90.87,1/8/2021,"?9,955.68",Credit Card,TRUE,9/13/2021,11/1/2021
649,Kathryn Garland,85,kgarlandi0@chicagotribune.com,"250 Sampaguita St., Brgy. Pembo",Taguig,649,12.52,?256.50,649,326.47,?135.61,11/15/2021,?392.11,Debit Card,TRUE,10/15/2021,5/23/2021
650,Issy Stoak,80,istoaki1@nbcnews.com,"287 Mabini St., Brgy. Western Bicutan",Taguig,650,387.9,"?4,948.75",650,168.58,?108.72,4/25/2021,"?4,551.72",Debit Card,TRUE,8/13/2021,3/13/2021
651,Shaine Duckham,41,sduckhami2@howstuffworks.com,"324 Rizal Ave., Brgy. Poblacion",Makati,651,335.78,"?4,297.25",651,489.82,?163.44,10/30/2021,"?4,460.69",Bank Transfer,FALSE,11/6/2021,11/26/2021
652,Nora Byneth,29,nbynethi3@army.mil,"361 Narra St., Brgy. Bangkal",Makati,652,116.1,"?1,551.25",652,48.73,?88.30,12/22/2021,"?1,475.60",Debit Card,FALSE,11/27/2021,7/12/2021
653,Shaylynn Strudwick,30,sstrudwicki4@pinterest.com,"398 Molave St., Brgy. Malibay",Pasay,653,318.02,"?4,075.25",653,443.72,?155.58,6/25/2021,"?4,230.83",Credit Card,TRUE,4/14/2021,5/2/2021
654,Sonnie Dicty,98,sdictyi5@bravesites.com,"435 Acacia St., Brgy. Longos",Malabon,654,873.96,"?11,024.50",654,83,?94.14,2/26/2021,"?10,006.78",Credit Card,FALSE,3/8/2021,9/2/2021
655,Selig Wrought,90,swroughti6@blogs.com,"472 Luna St., Brgy. San Roque",Navotas,655,51.82,?747.75,655,315.06,?133.67,9/11/2021,?881.42,Bank Transfer,TRUE,1/29/2021,11/7/2021
656,Allx Mahy,27,amahyi7@geocities.com,"509 Bonifacio St., Brgy. Ugong",Valenzuela,656,946.87,"?11,935.88",656,456.82,?157.82,10/16/2021,"?10,884.33",Debit Card,TRUE,7/16/2021,12/30/2021
657,Dannye Hamblin,22,dhamblini8@irs.gov,"546 Kalayaan Ave., Brgy. Concepcion Uno",Marikina,657,241.89,"?3,123.63",657,76.19,?92.98,11/1/2021,"?3,216.61",Credit Card,FALSE,3/31/2021,5/11/2021
658,Alma Ramsdale,58,aramsdalei9@domainmarket.com,"583 Maharlika St., Brgy. Kapitolyo",Pasig,658,939.04,"?11,838.00",658,60.92,?90.38,3/20/2021,"?10,735.54",Bank Transfer,FALSE,10/7/2021,1/5/2021
659,Carmine Humphris,88,chumphrisia@clickbank.net,"620 Camia St., Brgy. Plainview",Mandaluyong,659,844.68,"?10,658.50",659,404.55,?148.91,1/21/2021,"?10,807.41",Bank Transfer,FALSE,8/19/2021,11/12/2021
660,Orlan Bradock,26,obradockib@flickr.com,"657 Ilang-Ilang St., Brgy. Baclaran",Parañaque,660,968.02,"?12,200.25",660,389.73,?146.39,2/13/2021,"?11,111.98",Credit Card,FALSE,1/7/2021,2/20/2021
661,Hayyim Downes,30,hdownesic@examiner.com,"694 Sampaguita St., Brgy. Almanza Uno",Las Piñas,661,622.18,"?7,877.25",661,292.08,?129.75,4/30/2021,"?8,007.00",Credit Card,FALSE,4/5/2021,9/23/2021
662,Kirsti Senyard,56,ksenyardid@forbes.com,"731 Mabini St., Brgy. Potrero",Malabon,662,244.56,"?3,157.00",662,56.54,?89.63,11/29/2021,"?2,921.97",Credit Card,TRUE,9/5/2021,2/11/2021
663,Oswald Billyeald,98,obillyealdie@merriam-webster.com,"768 Rizal Ave., Brgy. Bagumbayan",Taguig,663,735.6,"?9,295.00",663,114.67,?99.53,3/8/2021,"?9,394.53",Credit Card,FALSE,3/16/2021,12/26/2021
664,Staford O'Gorman,90,sogormanif@163.com,"805 Narra St., Brgy. Kaunlaran",Caloocan,664,122.11,"?1,626.38",664,253.61,?123.20,2/10/2021,"?1,574.62",Debit Card,FALSE,10/9/2021,2/12/2021
665,Stanleigh McCrackem,82,smccrackemig@cbc.ca,"842 Molave St., Brgy. Poblacion",Muntinlupa,665,674.45,"?8,530.63",665,122.16,?100.81,8/21/2021,"?8,631.44",Debit Card,FALSE,7/20/2021,1/14/2021
666,Kordula Drover,27,kdroverih@shutterfly.com,"879 Acacia St., Brgy. San Pedro",Pateros,666,831.7,"?10,496.25",666,50.25,?88.56,8/21/2021,"?9,526.33",Credit Card,TRUE,6/21/2021,1/15/2021
667,Alika Vales,51,avalesii@1und1.de,"916 Luna St., Brgy. San Antonio",San Juan,667,910.35,"?11,479.38",667,100.82,?97.17,6/2/2021,"?11,576.55",Bank Transfer,FALSE,8/15/2021,9/6/2021
668,Wake Trinkwon,93,wtrinkwonij@nytimes.com,"953 Bonifacio St., Brgy. Tondo",Manila,668,389.03,"?4,962.88",668,7.14,?81.22,4/15/2021,"?4,539.69",Debit Card,FALSE,6/29/2021,11/27/2021
669,Farlie Iggulden,83,figguldenik@phpbb.com,"990 Kalayaan Ave., Brgy. Sampaloc",Manila,669,783.5,"?9,893.75",669,380.56,?144.83,4/16/2021,"?10,038.58",Bank Transfer,TRUE,4/1/2021,5/9/2021
670,Hillard Elmhurst,99,helmhurstil@patch.com,"38 Maharlika St., Brgy. Bago Bantay",Quezon City,670,168.59,"?2,207.38",670,309.28,?132.68,11/26/2021,"?2,106.05",Debit Card,FALSE,4/14/2021,1/17/2021
671,Veda Buye,78,vbuyeim@archive.org,"75 Camia St., Brgy. Commonwealth",Quezon City,671,728.39,"?9,204.88",671,58.83,?90.02,5/7/2021,"?9,294.90",Bank Transfer,TRUE,6/23/2021,11/15/2021
672,Johnna Carless,57,jcarlessin@linkedin.com,"112 Ilang-Ilang St., Brgy. Pembo",Taguig,672,852.77,"?10,759.63",672,205.46,?115.00,4/29/2021,"?9,787.17",Debit Card,TRUE,2/1/2021,5/26/2021
673,Hyacinthe Clara,44,hclaraio@soup.io,"149 Sampaguita St., Brgy. Western Bicutan",Taguig,673,316.27,"?4,053.38",673,474.43,?160.82,5/21/2021,"?4,214.20",Debit Card,TRUE,2/18/2021,11/24/2021
674,Arlen Hawgood,76,ahawgoodip@amazon.de,"186 Mabini St., Brgy. Poblacion",Makati,674,237.47,"?3,068.38",674,36.73,?86.26,9/21/2021,"?2,839.18",Credit Card,FALSE,6/30/2021,9/11/2021
675,Arvy Passe,25,apasseiq@wordpress.org,"223 Rizal Ave., Brgy. Bangkal",Makati,675,859.46,"?10,843.25",675,471.74,?160.36,3/3/2021,"?11,003.61",Credit Card,FALSE,11/12/2021,10/7/2021
676,Ricoriki Foucher,83,rfoucherir@livejournal.com,"260 Narra St., Brgy. Malibay",Pasay,676,563.33,"?7,141.63",676,76.05,?92.95,7/9/2021,"?6,511.12",Debit Card,TRUE,6/19/2021,12/9/2021
677,Levey Skeldinge,51,lskeldingeis@china.com.cn,"297 Molave St., Brgy. Longos",Malabon,677,390.22,"?4,977.75",677,454.61,?157.44,8/8/2021,"?5,135.19",Credit Card,TRUE,8/26/2021,4/22/2021
678,Iseabal Varrow,95,ivarrowit@apple.com,"334 Acacia St., Brgy. San Roque",Navotas,678,587.19,"?7,439.88",678,99.32,?96.92,11/14/2021,"?6,783.12",Bank Transfer,TRUE,1/10/2021,10/17/2021
679,Melody Vondrys,92,mvondrysiu@posterous.com,"371 Luna St., Brgy. Ugong",Valenzuela,679,789.69,"?9,971.13",679,51.5,?88.77,1/21/2021,"?10,059.90",Bank Transfer,TRUE,3/2/2021,11/13/2021
680,Nolan Simunek,23,nsimunekiv@quantcast.com,"408 Bonifacio St., Brgy. Concepcion Uno",Marikina,680,139.71,"?1,846.38",680,391.25,?146.65,3/7/2021,"?1,793.73",Debit Card,FALSE,6/17/2021,1/20/2021
681,Gene Greenlies,25,ggreenliesiw@zdnet.com,"445 Kalayaan Ave., Brgy. Kapitolyo",Pasig,681,588.29,"?7,453.63",681,213.96,?116.45,1/5/2021,"?7,570.08",Bank Transfer,FALSE,4/9/2021,4/24/2021
682,Julianna Exell,43,jexellix@japanpost.jp,"482 Maharlika St., Brgy. Plainview",Mandaluyong,682,325.39,"?4,167.38",682,294.02,?130.08,6/17/2021,"?3,867.71",Debit Card,FALSE,2/9/2021,12/6/2021
683,Ly Jeske,100,ljeskeiy@nbcnews.com,"519 Camia St., Brgy. Baclaran",Parañaque,683,127.3,"?1,691.25",683,341.35,?138.15,7/17/2021,"?1,829.40",Bank Transfer,FALSE,9/15/2021,12/4/2021
684,Stormie Moizer,85,smoizeriz@jalbum.net,"556 Ilang-Ilang St., Brgy. Almanza Uno",Las Piñas,684,52.6,?757.50,684,289,?129.23,5/24/2021,?798.06,Credit Card,FALSE,12/26/2021,1/5/2021
685,Burtie Bugg,27,bbuggj0@xing.com,"593 Sampaguita St., Brgy. Potrero",Malabon,685,532.85,"?6,760.63",685,397.44,?147.70,2/25/2021,"?6,908.33",Bank Transfer,FALSE,4/14/2021,8/26/2021
686,Belicia Coulthard,37,bcoulthardj1@yelp.com,"630 Mabini St., Brgy. Bagumbayan",Taguig,686,441.77,"?5,622.13",686,259.54,?124.21,3/30/2021,"?5,171.71",Debit Card,TRUE,6/18/2021,6/30/2021
687,Fredelia Hindenberger,27,fhindenbergerj2@cbsnews.com,"667 Rizal Ave., Brgy. Kaunlaran",Caloocan,687,367.67,"?4,695.88",687,321.99,?134.85,3/29/2021,"?4,830.73",Debit Card,FALSE,3/23/2021,5/5/2021
688,Ginger Le Hucquet,86,glej3@google.ca,"704 Narra St., Brgy. Poblacion",Muntinlupa,688,180.75,"?2,359.38",688,470.77,?160.19,6/3/2021,"?2,267.61",Bank Transfer,FALSE,10/28/2021,11/6/2021
689,Randall Sanbroke,69,rsanbrokej4@discovery.com,"741 Molave St., Brgy. San Pedro",Pateros,689,43.95,?649.38,689,260.36,?124.35,1/30/2021,?773.73,Credit Card,TRUE,7/31/2021,2/25/2021
690,Merrie Crumpe,79,mcrumpej5@webnode.com,"778 Acacia St., Brgy. San Antonio",San Juan,690,573.29,"?7,266.13",690,138.02,?103.51,8/14/2021,"?6,632.68",Debit Card,TRUE,5/8/2021,3/13/2021
691,Julita Di Franceshci,92,jdij6@dailymail.co.uk,"815 Luna St., Brgy. Tondo",Manila,691,726.2,"?9,177.50",691,465.03,?159.21,3/5/2021,"?9,336.71",Credit Card,TRUE,2/4/2021,4/27/2021
692,Si Albery,79,salberyj7@ebay.com,"852 Bonifacio St., Brgy. Sampaloc",Manila,692,668.49,"?8,456.13",692,361.93,?141.65,7/21/2021,"?7,738.00",Bank Transfer,TRUE,4/7/2021,7/8/2021
693,Shelbi Aingel,22,saingelj8@yandex.ru,"889 Kalayaan Ave., Brgy. Bago Bantay",Quezon City,693,479.2,"?6,090.00",693,174.68,?109.76,1/15/2021,"?6,199.76",Credit Card,TRUE,1/26/2021,8/8/2021
694,Barnabe Penney,54,bpenneyj9@cbc.ca,"926 Maharlika St., Brgy. Commonwealth",Quezon City,694,906.96,"?11,437.00",694,152.52,?105.98,3/10/2021,"?10,388.68",Bank Transfer,TRUE,9/4/2021,12/16/2021
695,Peggi Larimer,31,plarimerja@privacy.gov.au,"963 Camia St., Brgy. Pembo",Taguig,695,604.24,"?7,653.00",695,423.93,?152.21,9/23/2021,"?7,805.21",Debit Card,TRUE,4/7/2021,4/30/2021
696,Jayme Cawsy,72,jcawsyjb@google.pl,"11 Ilang-Ilang St., Brgy. Western Bicutan",Taguig,696,787.91,"?9,948.88",696,152.63,?106.00,9/24/2021,"?9,049.39",Bank Transfer,FALSE,12/15/2021,1/4/2021
697,Lyn Fennick,38,lfennickjc@engadget.com,"48 Sampaguita St., Brgy. Poblacion",Makati,697,575.65,"?7,295.63",697,285.01,?128.55,7/31/2021,"?7,424.18",Credit Card,FALSE,8/10/2021,5/13/2021
698,Sophi Ecclestone,26,secclestonejd@comsenz.com,"85 Mabini St., Brgy. Bangkal",Makati,698,982.13,"?12,376.63",698,281.41,?127.94,5/20/2021,"?11,254.11",Bank Transfer,TRUE,10/8/2021,11/30/2021
699,Laurena Swatton,69,lswattonje@mtv.com,"122 Rizal Ave., Brgy. Malibay",Pasay,699,728.33,"?9,204.13",699,273.55,?126.60,5/23/2021,"?9,330.73",Debit Card,TRUE,4/22/2021,7/11/2021
700,Homere Yanshinov,54,hyanshinovjf@nymag.com,"159 Narra St., Brgy. Longos",Malabon,700,372.53,"?4,756.63",700,184.96,?111.51,11/22/2021,"?4,381.33",Debit Card,TRUE,9/1/2021,6/1/2021
701,Kaitlin Creffield,49,kcreffieldjg@edublogs.org,"196 Molave St., Brgy. San Roque",Navotas,701,231.23,"?2,990.38",701,95.26,?96.23,2/28/2021,"?3,086.61",Credit Card,FALSE,4/27/2021,4/17/2021
702,Murdock Plumptre,84,mplumptrejh@delicious.com,"233 Acacia St., Brgy. Ugong",Valenzuela,702,378.5,"?4,831.25",702,404.14,?148.84,3/21/2021,"?4,482.08",Debit Card,TRUE,7/10/2021,4/28/2021
703,Monica Melledy,27,mmelledyji@tripod.com,"270 Luna St., Brgy. Concepcion Uno",Marikina,703,327.89,"?4,198.63",703,241.48,?121.13,6/2/2021,"?4,319.76",Debit Card,TRUE,11/17/2021,10/31/2021
704,Agnese Goodding,77,agooddingjj@theatlantic.com,"307 Bonifacio St., Brgy. Kapitolyo",Pasig,704,857.52,"?10,819.00",704,360.56,?141.42,6/17/2021,"?9,864.38",Bank Transfer,TRUE,4/28/2021,3/7/2021
705,Vicky Tytcomb,27,vtytcombjk@unicef.org,"344 Kalayaan Ave., Brgy. Plainview",Mandaluyong,705,629.84,"?7,973.00",705,340.9,?138.07,10/26/2021,"?8,111.07",Bank Transfer,TRUE,9/11/2021,8/4/2021
706,Carey Trillo,76,ctrillojl@senate.gov,"381 Maharlika St., Brgy. Baclaran",Parañaque,706,219.83,"?2,847.88",706,250.61,?122.69,4/10/2021,"?2,673.51",Credit Card,FALSE,1/1/2021,1/6/2021
707,Smith Buckbee,73,sbuckbeejm@networkadvertising.org,"418 Camia St., Brgy. Almanza Uno",Las Piñas,707,992.13,"?12,501.63",707,481.68,?162.05,9/18/2021,"?12,663.68",Credit Card,FALSE,8/4/2021,12/8/2021
708,Ricardo Owbridge,74,rowbridgejn@cdbaby.com,"455 Ilang-Ilang St., Brgy. Potrero",Malabon,708,784.92,"?9,911.50",708,394.28,?147.16,4/25/2021,"?9,052.79",Debit Card,TRUE,6/2/2021,9/12/2021
709,Nadine Arch,41,narchjo@mysql.com,"492 Sampaguita St., Brgy. Bagumbayan",Taguig,709,653.09,"?8,263.63",709,401.66,?148.42,3/21/2021,"?8,412.05",Bank Transfer,FALSE,6/24/2021,4/28/2021
710,Richmond Cockshut,46,rcockshutjp@oaic.gov.au,"529 Mabini St., Brgy. Kaunlaran",Caloocan,710,711.46,"?8,993.25",710,365.3,?142.23,6/29/2021,"?8,221.93",Credit Card,TRUE,1/30/2021,8/1/2021
711,Jo Clarson,35,jclarsonjq@cbslocal.com,"566 Rizal Ave., Brgy. Poblacion",Muntinlupa,711,717.34,"?9,066.75",711,302.96,?131.61,10/28/2021,"?9,198.36",Bank Transfer,FALSE,9/30/2021,7/17/2021
712,Quinn Steaning,100,qsteaningjr@amazon.de,"603 Narra St., Brgy. San Pedro",Pateros,712,670.2,"?8,477.50",712,241.04,?121.06,8/29/2021,"?7,738.70",Debit Card,TRUE,1/10/2021,7/24/2021
713,Fredrick Tonna,96,ftonnajs@craigslist.org,"640 Molave St., Brgy. San Antonio",San Juan,713,596.13,"?7,551.63",713,272.11,?126.35,8/24/2021,"?7,677.98",Debit Card,FALSE,6/12/2021,11/22/2021
714,Carina Brownhall,86,cbrownhalljt@biblegateway.com,"677 Acacia St., Brgy. Tondo",Manila,714,206.52,"?2,681.50",714,232.96,?119.68,2/26/2021,"?2,521.06",Debit Card,TRUE,11/23/2021,7/14/2021
715,Burl Carryer,63,bcarryerju@clickbank.net,"714 Luna St., Brgy. Sampaloc",Manila,715,231.21,"?2,990.13",715,85.95,?94.64,2/6/2021,"?3,084.77",Credit Card,TRUE,12/12/2021,11/4/2021
716,Chevalier Emblow,28,cemblowjv@istockphoto.com,"751 Bonifacio St., Brgy. Bago Bantay",Quezon City,716,738.01,"?9,325.13",716,162.47,?107.68,4/24/2021,"?8,489.53",Debit Card,FALSE,6/4/2021,12/13/2021
717,Konstantine Gutans,37,kgutansjw@prlog.org,"788 Kalayaan Ave., Brgy. Commonwealth",Quezon City,717,598.13,"?7,576.63",717,375.49,?143.96,9/17/2021,"?7,720.59",Credit Card,FALSE,9/4/2021,11/22/2021
718,Lianna Whall,61,lwhalljx@hostgator.com,"825 Maharlika St., Brgy. Pembo",Taguig,718,839.12,"?10,589.00",718,394.49,?147.20,11/22/2021,"?9,662.58",Debit Card,FALSE,12/10/2021,9/28/2021
719,Elladine Cupper,56,ecupperjy@unc.edu,"862 Camia St., Brgy. Western Bicutan",Taguig,719,408.39,"?5,204.88",719,353.38,?140.20,8/7/2021,"?5,345.08",Credit Card,TRUE,6/27/2021,7/6/2021
720,Marji Whitbread,94,mwhitbreadjz@bizjournals.com,"899 Ilang-Ilang St., Brgy. Poblacion",Makati,720,813.09,"?10,263.63",720,137.82,?103.48,7/10/2021,"?9,330.40",Debit Card,TRUE,12/4/2021,10/20/2021
721,Phil Drinkeld,66,pdrinkeldk0@seattletimes.com,"936 Sampaguita St., Brgy. Bangkal",Makati,721,950.54,"?11,981.75",721,79.34,?93.52,7/1/2021,"?12,075.27",Credit Card,FALSE,6/19/2021,8/29/2021
722,Godfree Yantsev,92,gyantsevk1@theglobeandmail.com,"973 Mabini St., Brgy. Malibay",Pasay,722,76.88,"?1,061.00",722,186.68,?111.80,10/5/2021,"?1,055.52",Bank Transfer,TRUE,7/30/2021,9/11/2021
723,Euphemia Twelftree,18,etwelftreek2@oracle.com,"21 Rizal Ave., Brgy. Longos",Malabon,723,420.11,"?5,351.38",723,199.6,?114.00,12/12/2021,"?5,465.38",Debit Card,FALSE,5/16/2021,2/21/2021
724,Ardith Giovannetti,68,agiovannettik3@360.cn,"58 Narra St., Brgy. San Roque",Navotas,724,481.01,"?6,112.63",724,229.33,?119.06,10/23/2021,"?5,608.52",Credit Card,TRUE,8/23/2021,5/16/2021
725,Ekaterina Dobble,74,edobblek4@mail.ru,"95 Molave St., Brgy. Ugong",Valenzuela,725,780.31,"?9,853.88",725,304.79,?131.92,7/31/2021,"?9,985.80",Bank Transfer,TRUE,10/11/2021,4/24/2021
726,Rozalin Corbett,61,rcorbettk5@gizmodo.com,"132 Acacia St., Brgy. Concepcion Uno",Marikina,726,870.08,"?10,976.00",726,63.13,?90.75,1/13/2021,"?9,960.08",Debit Card,FALSE,10/19/2021,9/2/2021
727,Addison Twitty,44,atwittyk6@google.com.au,"169 Luna St., Brgy. Kapitolyo",Pasig,727,295.12,"?3,789.00",727,393.62,?147.05,4/10/2021,"?3,936.05",Debit Card,FALSE,5/24/2021,3/20/2021
728,Ethelred Nutty,33,enuttyk7@reference.com,"206 Bonifacio St., Brgy. Plainview",Mandaluyong,728,963.37,"?12,142.13",728,400.57,?148.23,7/22/2021,"?11,061.32",Debit Card,TRUE,8/19/2021,8/15/2021
729,Stan McRobbie,52,smcrobbiek8@pbs.org,"243 Kalayaan Ave., Brgy. Baclaran",Parañaque,729,319.28,"?4,091.00",729,20.46,?83.49,3/8/2021,"?4,174.49",Debit Card,FALSE,7/30/2021,5/9/2021
730,Bertha Stenhouse,88,bstenhousek9@de.vu,"280 Maharlika St., Brgy. Almanza Uno",Las Piñas,730,88.4,"?1,205.00",730,187.96,?112.02,10/1/2021,"?1,185.32",Bank Transfer,FALSE,10/1/2021,10/20/2021
731,Sandie Riteley,81,sriteleyka@prnewswire.com,"317 Camia St., Brgy. Potrero",Malabon,731,900.68,"?11,358.50",731,446.45,?156.05,3/1/2021,"?11,514.55",Debit Card,TRUE,6/13/2021,6/6/2021
732,Tamiko Pithcock,26,tpithcockkb@ihg.com,"354 Ilang-Ilang St., Brgy. Bagumbayan",Taguig,732,215.56,"?2,794.50",732,70.26,?91.97,7/6/2021,"?2,597.82",Credit Card,FALSE,11/15/2021,5/14/2021
733,Hana Ewestace,60,hewestacekc@phoca.cz,"391 Sampaguita St., Brgy. Kaunlaran",Caloocan,733,415.39,"?5,292.38",733,56.16,?89.57,12/7/2021,"?5,381.95",Bank Transfer,FALSE,8/1/2021,9/26/2021
734,Corby Coomber,65,ccoomberkd@etsy.com,"428 Mabini St., Brgy. Poblacion",Muntinlupa,734,818.48,"?10,331.00",734,340.76,?138.05,4/27/2021,"?9,422.15",Debit Card,FALSE,7/6/2021,7/23/2021
735,Josie Talton,38,jtaltonke@example.com,"465 Rizal Ave., Brgy. San Pedro",Pateros,735,121.86,"?1,623.25",735,354.84,?140.44,11/16/2021,"?1,763.69",Bank Transfer,FALSE,4/19/2021,7/29/2021
736,Edee Edgerton,95,eedgertonkf@si.edu,"502 Narra St., Brgy. San Antonio",San Juan,736,832.68,"?10,508.50",736,91.14,?95.53,11/15/2021,"?9,543.63",Bank Transfer,TRUE,1/13/2021,11/3/2021
737,Dorolice Borkett,39,dborkettkg@jalbum.net,"539 Molave St., Brgy. Tondo",Manila,737,198.87,"?2,585.88",737,114.21,?99.45,11/10/2021,"?2,685.33",Bank Transfer,FALSE,6/1/2021,8/14/2021
738,Teddie Fidock,48,tfidockkh@naver.com,"576 Acacia St., Brgy. Sampaloc",Manila,738,394.88,"?5,036.00",738,430.25,?153.29,7/18/2021,"?4,670.36",Bank Transfer,TRUE,5/1/2021,5/1/2021
739,Say Nestle,76,snestleki@wp.com,"613 Luna St., Brgy. Bago Bantay",Quezon City,739,788.5,"?9,956.25",739,432.79,?153.72,3/30/2021,"?10,109.97",Credit Card,TRUE,6/17/2021,1/6/2021
740,Cullan Heaton,28,cheatonkj@dedecms.com,"650 Bonifacio St., Brgy. Commonwealth",Quezon City,740,510.98,"?6,487.25",740,439.32,?154.84,8/16/2021,"?5,977.88",Credit Card,TRUE,6/30/2021,10/3/2021
741,Elston Olijve,88,eolijvekk@quantcast.com,"687 Kalayaan Ave., Brgy. Pembo",Taguig,741,77.78,"?1,072.25",741,294.68,?130.20,10/13/2021,"?1,202.45",Bank Transfer,FALSE,1/16/2021,8/10/2021
742,Weider McTrustie,32,wmctrustiekl@nationalgeographic.com,"724 Maharlika St., Brgy. Western Bicutan",Taguig,742,564.48,"?7,156.00",742,466.62,?159.49,11/24/2021,"?6,583.94",Bank Transfer,TRUE,12/8/2021,3/3/2021
743,Tawnya Kornacki,21,tkornackikm@acquirethisname.com,"761 Camia St., Brgy. Poblacion",Makati,743,167.03,"?2,187.88",743,198.56,?113.82,5/8/2021,"?2,301.70",Debit Card,TRUE,8/24/2021,6/16/2021
744,Nelia Roglieri,91,nroglierikn@soup.io,"798 Ilang-Ilang St., Brgy. Bangkal",Makati,744,848.98,"?10,712.25",744,89.96,?95.32,4/27/2021,"?9,726.81",Debit Card,FALSE,8/4/2021,4/27/2021
745,Daron Josskovitz,28,djosskovitzko@redcross.org,"835 Sampaguita St., Brgy. Malibay",Pasay,745,441.44,"?5,618.00",745,121.66,?100.72,3/19/2021,"?5,718.72",Credit Card,FALSE,4/3/2021,3/16/2021
746,Seward Handes,55,shandeskp@weibo.com,"872 Mabini St., Brgy. Longos",Malabon,746,659.63,"?8,345.38",746,155.02,?106.41,3/7/2021,"?7,606.61",Credit Card,TRUE,11/12/2021,10/29/2021
747,Myrlene Neilan,60,mneilankq@ovh.net,"909 Rizal Ave., Brgy. San Roque",Navotas,747,748.3,"?9,453.75",747,422.96,?152.05,12/8/2021,"?9,605.80",Bank Transfer,FALSE,8/4/2021,10/7/2021
748,Lane Doe,61,ldoekr@chronoengine.com,"946 Narra St., Brgy. Ugong",Valenzuela,748,683.9,"?8,648.75",748,356.83,?140.78,3/14/2021,"?7,910.58",Debit Card,TRUE,6/27/2021,11/1/2021
749,Levin Rosen,35,lrosenks@cdc.gov,"983 Molave St., Brgy. Concepcion Uno",Marikina,749,301.92,"?3,874.00",749,203.71,?114.70,12/5/2021,"?3,988.70",Bank Transfer,TRUE,3/17/2021,1/22/2021
750,Meyer Scothron,81,mscothronkt@51.la,"31 Acacia St., Brgy. Kapitolyo",Pasig,750,657.04,"?8,313.00",750,107.1,?98.24,5/23/2021,"?7,570.12",Credit Card,FALSE,1/24/2021,9/24/2021
751,Winthrop Wigfield,66,wwigfieldku@mayoclinic.com,"68 Luna St., Brgy. Plainview",Mandaluyong,751,845.55,"?10,669.38",751,136.94,?103.33,4/21/2021,"?10,772.71",Bank Transfer,FALSE,4/10/2021,9/14/2021
752,Terri-jo Dunbobin,85,tdunbobinkv@bbc.co.uk,"105 Bonifacio St., Brgy. Baclaran",Parañaque,752,439.68,"?5,596.00",752,341.86,?138.23,4/27/2021,"?5,160.81",Bank Transfer,FALSE,5/19/2021,2/4/2021
753,Wenda Cristofor,32,wcristoforkw@zdnet.com,"142 Kalayaan Ave., Brgy. Almanza Uno",Las Piñas,753,722.09,"?9,126.13",753,272.46,?126.41,1/2/2021,"?9,252.54",Debit Card,FALSE,2/25/2021,4/29/2021
754,Teddie Axelbee,70,taxelbeekx@bloglovin.com,"179 Maharlika St., Brgy. Potrero",Malabon,754,963.1,"?12,138.75",754,194.98,?113.21,5/27/2021,"?11,026.76",Credit Card,TRUE,8/26/2021,1/11/2021
755,Taber Truelove,43,ttrueloveky@bluehost.com,"216 Camia St., Brgy. Bagumbayan",Taguig,755,15.52,?294.00,755,19.71,?83.36,8/21/2021,?377.36,Credit Card,TRUE,9/2/2021,11/21/2021
756,Dacey MacAnespie,72,dmacanespiekz@yandex.ru,"253 Ilang-Ilang St., Brgy. Kaunlaran",Caloocan,756,480.26,"?6,103.25",756,107.44,?98.30,11/2/2021,"?5,581.40",Bank Transfer,TRUE,4/8/2021,8/27/2021
757,Wallace Lumley,38,wlumleyl0@51.la,"290 Sampaguita St., Brgy. Poblacion",Muntinlupa,757,702.31,"?8,878.88",757,413.67,?150.47,10/15/2021,"?9,029.35",Bank Transfer,FALSE,3/16/2021,1/12/2021
758,Findley Danis,86,fdanisl1@amazonaws.com,"327 Mabini St., Brgy. San Pedro",Pateros,758,121.56,"?1,619.50",758,266.14,?125.34,4/8/2021,"?1,570.36",Bank Transfer,TRUE,5/22/2021,7/9/2021
759,Stoddard Swait,66,sswaitl2@cloudflare.com,"364 Rizal Ave., Brgy. San Antonio",San Juan,759,886.49,"?11,181.13",759,308.46,?132.54,4/7/2021,"?11,313.67",Credit Card,TRUE,9/12/2021,8/5/2021
760,Ciel Busswell,75,cbusswelll3@va.gov,"401 Narra St., Brgy. Tondo",Manila,760,149.28,"?1,966.00",760,148.37,?105.27,12/6/2021,"?1,864.14",Bank Transfer,FALSE,11/7/2021,4/24/2021
761,Tonye Bardell,90,tbardelll4@squidoo.com,"438 Molave St., Brgy. Sampaloc",Manila,761,516.05,"?6,550.62",761,452.74,?157.12,5/9/2021,"?6,707.74",Bank Transfer,FALSE,5/16/2021,3/19/2021
762,Hobie Mort,79,hmortl5@twitter.com,"475 Acacia St., Brgy. Bago Bantay",Quezon City,762,730.77,"?9,234.63",762,65.86,?91.22,7/20/2021,"?8,393.27",Bank Transfer,FALSE,1/30/2021,6/25/2021
763,Owen Korba,27,okorbal6@joomla.org,"512 Luna St., Brgy. Commonwealth",Quezon City,763,243.68,"?3,146.00",763,79.97,?93.62,1/19/2021,"?3,239.62",Bank Transfer,FALSE,9/13/2021,10/24/2021
764,Bern McKeighen,93,bmckeighenl7@a8.net,"549 Bonifacio St., Brgy. Pembo",Taguig,764,317.56,"?4,069.50",764,136.71,?103.29,7/29/2021,"?3,755.51",Debit Card,FALSE,3/5/2021,9/21/2021
765,Tim Fuller,56,tfullerl8@walmart.com,"586 Kalayaan Ave., Brgy. Western Bicutan",Taguig,765,511.16,"?6,489.50",765,319.66,?134.45,9/3/2021,"?6,623.95",Debit Card,TRUE,2/28/2021,3/31/2021
766,Salomon Pavlovic,18,spavlovicl9@cbslocal.com,"623 Maharlika St., Brgy. Poblacion",Makati,766,634.57,"?8,032.13",766,302.71,?131.56,9/17/2021,"?7,347.32",Debit Card,TRUE,8/25/2021,6/23/2021
767,Heddi Glavias,59,hglaviasla@ox.ac.uk,"660 Camia St., Brgy. Bangkal",Makati,767,925.73,"?11,671.63",767,203.44,?114.65,3/30/2021,"?11,786.28",Debit Card,TRUE,8/5/2021,11/19/2021
768,Isador Quarrell,41,iquarrelllb@miitbeian.gov.cn,"697 Ilang-Ilang St., Brgy. Malibay",Pasay,768,148.68,"?1,958.50",768,34.3,?85.84,3/31/2021,"?1,839.91",Debit Card,FALSE,7/26/2021,4/11/2021
769,Devan Noli,87,dnolilc@squidoo.com,"734 Sampaguita St., Brgy. Longos",Malabon,769,937.12,"?11,814.00",769,237.16,?120.40,4/19/2021,"?11,934.40",Credit Card,FALSE,9/7/2021,3/18/2021
770,Ike Bush,81,ibushld@google.co.jp,"771 Mabini St., Brgy. San Roque",Navotas,770,880.23,"?11,102.88",770,417.11,?151.05,1/29/2021,"?10,128.54",Credit Card,TRUE,4/21/2021,4/22/2021
771,Diane-marie Paulton,43,dpaultonle@cpanel.net,"808 Rizal Ave., Brgy. Ugong",Valenzuela,771,501.76,"?6,372.00",771,209.69,?115.72,3/2/2021,"?6,487.72",Bank Transfer,TRUE,1/26/2021,12/17/2021
772,Lennie Buckel,54,lbuckellf@simplemachines.org,"845 Narra St., Brgy. Concepcion Uno",Marikina,772,386.06,"?4,925.75",772,352.15,?139.99,10/2/2021,"?4,559.17",Debit Card,FALSE,11/1/2021,11/22/2021
773,Celeste Mc Comb,86,cmclg@businessinsider.com,"882 Molave St., Brgy. Kapitolyo",Pasig,773,900.72,"?11,359.00",773,288.39,?129.13,5/7/2021,"?11,488.13",Bank Transfer,TRUE,9/26/2021,8/3/2021
774,Ade Espino,79,aespinolh@nih.gov,"919 Acacia St., Brgy. Plainview",Mandaluyong,774,682.43,"?8,630.38",774,175.28,?109.86,8/9/2021,"?7,866.22",Debit Card,FALSE,6/13/2021,6/2/2021
775,Tabbi Beardsall,95,tbeardsallli@hugedomains.com,"956 Luna St., Brgy. Baclaran",Parañaque,775,574.64,"?7,283.00",775,159.28,?107.13,10/12/2021,"?7,390.13",Bank Transfer,TRUE,10/19/2021,8/28/2021
776,Janine Mityashin,33,jmityashinlj@livejournal.com,"993 Bonifacio St., Brgy. Almanza Uno",Las Piñas,776,888.62,"?11,207.75",776,19.42,?83.31,6/23/2021,"?10,161.95",Credit Card,FALSE,1/30/2021,3/31/2021
777,Flynn Gynn,99,fgynnlk@sina.com.cn,"41 Kalayaan Ave., Brgy. Potrero",Malabon,777,937.79,"?11,822.38",777,237.57,?120.47,8/4/2021,"?11,942.85",Debit Card,FALSE,12/2/2021,9/9/2021
778,Tessi Glencorse,21,tglencorsell@arizona.edu,"78 Maharlika St., Brgy. Bagumbayan",Taguig,778,871.03,"?10,987.88",778,2.86,?80.49,1/10/2021,"?9,961.53",Debit Card,TRUE,3/19/2021,3/2/2021
779,Anatol Hendonson,37,ahendonsonlm@sbwire.com,"115 Camia St., Brgy. Kaunlaran",Caloocan,779,602.3,"?7,628.75",779,15.74,?82.68,2/20/2021,"?7,711.43",Credit Card,FALSE,3/14/2021,8/21/2021
780,Wainwright Slott,43,wslottln@apple.com,"152 Ilang-Ilang St., Brgy. Poblacion",Muntinlupa,780,991.33,"?12,491.63",780,430.31,?153.30,6/2/2021,"?11,380.44",Credit Card,TRUE,1/4/2021,9/14/2021
781,Rosabelle McGinty,99,rmcgintylo@examiner.com,"189 Sampaguita St., Brgy. San Pedro",Pateros,781,9.67,?220.88,781,456.27,?157.72,11/13/2021,?378.60,Credit Card,FALSE,8/11/2021,5/15/2021
782,Chicky Tomovic,96,ctomoviclp@jiathis.com,"226 Mabini St., Brgy. San Antonio",San Juan,782,691.31,"?8,741.38",782,400.11,?148.16,4/28/2021,"?8,000.59",Debit Card,FALSE,6/11/2021,12/20/2021
783,Lorianna Nickless,88,lnicklesslq@over-blog.com,"263 Rizal Ave., Brgy. Tondo",Manila,783,964,"?12,150.00",783,465.67,?159.32,12/29/2021,"?12,309.32",Credit Card,FALSE,7/2/2021,12/3/2021
784,Loralie Rubens,39,lrubenslr@techcrunch.com,"300 Narra St., Brgy. Sampaloc",Manila,784,413.44,"?5,268.00",784,80.86,?93.77,7/22/2021,"?4,825.59",Credit Card,TRUE,7/14/2021,2/14/2021
785,Grace Kears,93,gkearsls@biblegateway.com,"337 Molave St., Brgy. Bago Bantay",Quezon City,785,16.79,?309.88,785,455.91,?157.66,12/27/2021,?467.54,Debit Card,FALSE,9/4/2021,5/18/2021
786,Griselda Hutcheon,42,ghutcheonlt@homestead.com,"374 Acacia St., Brgy. Commonwealth",Quezon City,786,144.55,"?1,906.88",786,328.05,?135.88,11/3/2021,"?1,838.48",Debit Card,FALSE,4/8/2021,1/17/2021
787,Becki Lias,22,bliaslu@google.com,"411 Luna St., Brgy. Pembo",Taguig,787,641.27,"?8,115.88",787,92.55,?95.77,12/23/2021,"?8,211.65",Debit Card,FALSE,6/3/2021,5/20/2021
788,Cornie Floodgate,35,cfloodgatelv@acquirethisname.com,"448 Bonifacio St., Brgy. Western Bicutan",Taguig,788,30.04,?475.50,788,470.89,?160.21,12/1/2021,?572.14,Credit Card,FALSE,4/9/2021,8/2/2021
789,Jay Purselow,98,jpurselowlw@weebly.com,"485 Kalayaan Ave., Brgy. Poblacion",Makati,789,693.86,"?8,773.25",789,174.84,?109.78,1/5/2021,"?8,883.03",Bank Transfer,FALSE,3/6/2021,8/19/2021
790,Malia D'Ambrosi,39,mdambrosilx@mashable.com,"522 Maharlika St., Brgy. Bangkal",Makati,790,834.33,"?10,529.13",790,426.61,?152.67,5/15/2021,"?9,613.62",Bank Transfer,TRUE,3/12/2021,9/23/2021
791,Gwendolen Dominy,64,gdominyly@latimes.com,"559 Camia St., Brgy. Malibay",Pasay,791,261.95,"?3,374.38",791,410.26,?149.89,4/14/2021,"?3,524.27",Bank Transfer,FALSE,3/6/2021,4/22/2021
792,Corny Cristobal,51,ccristoballz@w3.org,"596 Ilang-Ilang St., Brgy. Longos",Malabon,792,466.09,"?5,926.13",792,297.02,?130.60,11/22/2021,"?5,451.06",Debit Card,TRUE,8/15/2021,1/27/2021
793,Isahella Bernardot,87,ibernardotm0@symantec.com,"633 Sampaguita St., Brgy. San Roque",Navotas,793,431.16,"?5,489.50",793,138.35,?103.57,9/9/2021,"?5,593.07",Credit Card,FALSE,4/15/2021,5/24/2021
794,Ezechiel Oldmeadow,53,eoldmeadowm1@tiny.cc,"670 Mabini St., Brgy. Ugong",Valenzuela,794,93.08,"?1,263.50",794,138.11,?103.53,5/25/2021,"?1,230.33",Debit Card,FALSE,3/24/2021,9/23/2021
795,Clyve Blandford,58,cblandfordm2@diigo.com,"707 Rizal Ave., Brgy. Concepcion Uno",Marikina,795,361.1,"?4,613.75",795,53.24,?89.07,8/28/2021,"?4,702.82",Bank Transfer,FALSE,10/12/2021,6/30/2021
796,Nananne Conibear,71,nconibearm3@ovh.net,"744 Narra St., Brgy. Kapitolyo",Pasig,796,433.64,"?5,520.50",796,287.64,?129.00,6/16/2021,"?5,084.55",Bank Transfer,TRUE,8/1/2021,8/2/2021
797,Leodora Linnit,54,llinnitm4@home.pl,"781 Molave St., Brgy. Plainview",Mandaluyong,797,567.9,"?7,198.75",797,44.06,?87.51,9/28/2021,"?7,286.26",Credit Card,FALSE,10/20/2021,4/9/2021
798,Duky Kennham,37,dkennhamm5@pen.io,"818 Acacia St., Brgy. Baclaran",Parañaque,798,218.25,"?2,828.13",798,389.55,?146.36,1/28/2021,"?2,677.04",Credit Card,FALSE,4/20/2021,4/20/2021
799,Allin Carrabott,65,acarrabottm6@gov.uk,"855 Luna St., Brgy. Almanza Uno",Las Piñas,799,623.28,"?7,891.00",799,150.96,?105.72,1/29/2021,"?7,996.72",Bank Transfer,TRUE,3/13/2021,7/9/2021
800,Lida Fotherby,63,lfotherbym7@archive.org,"892 Bonifacio St., Brgy. Potrero",Malabon,800,836.53,"?10,556.63",800,190.1,?112.38,7/22/2021,"?9,602.11",Bank Transfer,FALSE,2/9/2021,1/21/2021
801,Filberte Aylen,58,faylenm8@europa.eu,"929 Kalayaan Ave., Brgy. Bagumbayan",Taguig,801,680.31,"?8,603.88",801,496.71,?164.61,4/20/2021,"?8,768.49",Bank Transfer,TRUE,3/4/2021,11/26/2021
802,Moreen Imbrey,24,mimbreym9@cam.ac.uk,"966 Maharlika St., Brgy. Kaunlaran",Caloocan,802,165.69,"?2,171.13",802,153.19,?106.09,7/6/2021,"?2,049.50",Credit Card,TRUE,2/10/2021,11/22/2021
803,Conroy Tremblay,45,ctremblayma@acquirethisname.com,"14 Camia St., Brgy. Poblacion",Muntinlupa,803,74.3,"?1,028.75",803,211.22,?115.98,3/28/2021,"?1,144.73",Debit Card,TRUE,8/8/2021,9/13/2021
804,Aloysius Bartunek,22,abartunekmb@wordpress.com,"51 Ilang-Ilang St., Brgy. San Pedro",Pateros,804,736.41,"?9,305.13",804,478.91,?161.58,7/30/2021,"?8,520.04",Debit Card,TRUE,1/18/2021,6/10/2021
805,Bradan Feighry,99,bfeighrymc@tinyurl.com,"88 Sampaguita St., Brgy. San Antonio",San Juan,805,418.98,"?5,337.25",805,449.81,?156.62,5/27/2021,"?5,493.87",Credit Card,TRUE,1/16/2021,10/11/2021
806,Alejandro Fullstone,43,afullstonemd@deviantart.com,"125 Mabini St., Brgy. Tondo",Manila,806,242.64,"?3,133.00",806,447.01,?156.15,5/11/2021,"?2,960.24",Credit Card,FALSE,3/31/2021,5/4/2021
807,Carmelle MacGilrewy,21,cmacgilrewyme@discovery.com,"162 Rizal Ave., Brgy. Sampaloc",Manila,807,839.71,"?10,596.38",807,373.8,?143.67,11/24/2021,"?10,740.05",Credit Card,FALSE,9/19/2021,5/23/2021
808,Tasia Keay,84,tkeaymf@phpbb.com,"199 Narra St., Brgy. Bago Bantay",Quezon City,808,5.95,?174.38,808,88.88,?95.14,3/2/2021,?242.57,Debit Card,TRUE,9/15/2021,10/30/2021
809,Allyson Cockerill,48,acockerillmg@hud.gov,"236 Molave St., Brgy. Commonwealth",Quezon City,809,935.52,"?11,794.00",809,74.98,?92.77,2/1/2021,"?11,886.77",Debit Card,FALSE,4/18/2021,4/14/2021
810,Gideon Mufford,63,gmuffordmh@rediff.com,"273 Acacia St., Brgy. Pembo",Taguig,810,613.64,"?7,770.50",810,93.15,?95.87,3/19/2021,"?7,079.73",Credit Card,TRUE,1/13/2021,7/9/2021
811,Cori Keld,97,ckeldmi@wisc.edu,"310 Luna St., Brgy. Western Bicutan",Taguig,811,151.91,"?1,998.88",811,226.32,?118.55,4/8/2021,"?2,117.43",Credit Card,FALSE,3/29/2021,8/20/2021
812,Wolfie Coronado,74,wcoronadomj@nature.com,"347 Bonifacio St., Brgy. Poblacion",Makati,812,0.44,?105.50,812,448.07,?156.33,1/31/2021,?235.65,Credit Card,TRUE,4/18/2021,6/30/2021
813,Cynthie Withams,69,cwithamsmk@stanford.edu,"384 Kalayaan Ave., Brgy. Bangkal",Makati,813,848.34,"?10,704.25",813,326.74,?135.66,5/20/2021,"?10,839.91",Credit Card,FALSE,5/3/2021,11/29/2021
814,Hobart Atterbury,68,hatterburyml@reference.com,"421 Maharlika St., Brgy. Malibay",Pasay,814,378.65,"?4,833.13",814,252.82,?123.07,9/28/2021,"?4,460.58",Debit Card,FALSE,10/11/2021,3/22/2021
815,Francois Demongeot,61,fdemongeotmm@cmu.edu,"458 Camia St., Brgy. Longos",Malabon,815,248.59,"?3,207.38",815,16.36,?82.79,2/22/2021,"?3,290.17",Credit Card,TRUE,10/25/2021,5/18/2021
816,Kalle Higgonet,73,khiggonetmn@seesaa.net,"495 Ilang-Ilang St., Brgy. San Roque",Navotas,816,585.45,"?7,418.13",816,248.05,?122.25,3/9/2021,"?6,786.34",Credit Card,FALSE,7/29/2021,3/23/2021
817,Jacquelynn Comiskey,31,jcomiskeymo@unicef.org,"532 Sampaguita St., Brgy. Ugong",Valenzuela,817,478.93,"?6,086.63",817,205.23,?114.96,5/20/2021,"?6,201.59",Bank Transfer,TRUE,4/3/2021,5/10/2021
818,Isa Skipperbottom,62,iskipperbottommp@unesco.org,"569 Mabini St., Brgy. Concepcion Uno",Marikina,818,453.23,"?5,765.38",818,3.3,?80.56,12/7/2021,"?5,261.35",Bank Transfer,TRUE,10/31/2021,6/4/2021
819,Lloyd Broxis,49,lbroxismq@disqus.com,"606 Rizal Ave., Brgy. Kapitolyo",Pasig,819,367.01,"?4,687.63",819,204.73,?114.87,12/3/2021,"?4,802.50",Credit Card,FALSE,6/11/2021,1/31/2021
820,Alexine Borgnet,55,aborgnetmr@google.nl,"643 Narra St., Brgy. Plainview",Mandaluyong,820,894.26,"?11,278.25",820,199.37,?113.96,11/28/2021,"?10,252.99",Bank Transfer,TRUE,4/26/2021,5/7/2021
821,Astrid Illiston,97,aillistonms@cloudflare.com,"680 Molave St., Brgy. Baclaran",Parañaque,821,500.28,"?6,353.50",821,3.13,?80.53,2/5/2021,"?6,434.03",Bank Transfer,TRUE,10/2/2021,9/26/2021
822,Dagny Mumford,21,dmumfordmt@oaic.gov.au,"717 Acacia St., Brgy. Almanza Uno",Las Piñas,822,433.75,"?5,521.88",822,433.42,?153.83,7/30/2021,"?5,108.14",Bank Transfer,TRUE,12/9/2021,2/15/2021
823,Ulrich Leggis,57,uleggismu@simplemachines.org,"754 Luna St., Brgy. Potrero",Malabon,823,537.48,"?6,818.50",823,378.5,?144.47,10/26/2021,"?6,962.97",Bank Transfer,FALSE,3/16/2021,8/4/2021
824,Roxie Ody,87,rodymv@slashdot.org,"791 Bonifacio St., Brgy. Bagumbayan",Taguig,824,231.19,"?2,989.88",824,38.77,?86.60,10/12/2021,"?2,768.83",Debit Card,TRUE,6/27/2021,11/14/2021
825,Izaak Kenealy,36,ikenealymw@constantcontact.com,"828 Kalayaan Ave., Brgy. Kaunlaran",Caloocan,825,987.3,"?12,441.25",825,254.43,?123.34,10/23/2021,"?12,564.59",Bank Transfer,FALSE,5/28/2021,12/29/2021
826,Riley Suerz,52,rsuerzmx@dot.gov,"865 Maharlika St., Brgy. Poblacion",Muntinlupa,826,282.77,"?3,634.63",826,265.64,?125.25,8/13/2021,"?3,383.89",Bank Transfer,TRUE,8/21/2021,4/25/2021
827,Othella Matten,37,omattenmy@nhs.uk,"902 Camia St., Brgy. San Pedro",Pateros,827,353.51,"?4,518.88",827,9.51,?81.62,4/5/2021,"?4,600.50",Debit Card,FALSE,7/14/2021,2/12/2021
828,Carolynn Hritzko,68,chritzkomz@reference.com,"939 Ilang-Ilang St., Brgy. San Antonio",San Juan,828,207.06,"?2,688.25",828,95.7,?96.30,9/11/2021,"?2,506.10",Debit Card,FALSE,2/24/2021,4/26/2021
829,Evangeline Mingotti,92,emingottin0@livejournal.com,"976 Sampaguita St., Brgy. Tondo",Manila,829,589.62,"?7,470.25",829,480.69,?161.88,8/20/2021,"?7,632.13",Credit Card,TRUE,6/21/2021,1/26/2021
830,Walsh Collyer,95,wcollyern1@opensource.org,"24 Mabini St., Brgy. Sampaloc",Manila,830,199.5,"?2,593.75",830,176.16,?110.01,6/25/2021,"?2,433.38",Bank Transfer,FALSE,3/24/2021,9/4/2021
831,Bernie Da Costa,22,bdan2@goo.gl,"61 Rizal Ave., Brgy. Bago Bantay",Quezon City,831,885.69,"?11,171.13",831,476,?161.08,12/25/2021,"?11,332.21",Credit Card,FALSE,7/20/2021,2/4/2021
832,Christoph Coopey,97,ccoopeyn3@sourceforge.net,"98 Narra St., Brgy. Commonwealth",Quezon City,832,589.56,"?7,469.50",832,21.53,?83.67,10/2/2021,"?6,797.85",Debit Card,FALSE,4/3/2021,8/20/2021
833,Philippa Doulden,86,pdouldenn4@ucla.edu,"135 Molave St., Brgy. Pembo",Taguig,833,605.77,"?7,672.13",833,247.93,?122.23,6/28/2021,"?7,794.36",Debit Card,FALSE,2/27/2021,9/2/2021
834,Melli Delle,30,mdellen5@house.gov,"172 Acacia St., Brgy. Western Bicutan",Taguig,834,949.41,"?11,967.63",834,258.03,?123.95,11/15/2021,"?10,882.42",Debit Card,FALSE,12/17/2021,10/3/2021
835,Bessie Sprulls,100,bsprullsn6@devhub.com,"209 Luna St., Brgy. Poblacion",Makati,835,396.87,"?5,060.88",835,453.96,?157.33,2/7/2021,"?5,218.21",Bank Transfer,TRUE,6/20/2021,2/6/2021
836,Lauree Conquer,42,lconquern7@eepurl.com,"246 Bonifacio St., Brgy. Bangkal",Makati,836,420.13,"?5,351.63",836,5.4,?80.92,6/3/2021,"?4,889.30",Credit Card,FALSE,3/24/2021,12/26/2021
837,Ezekiel Crus,34,ecrusn8@google.cn,"283 Kalayaan Ave., Brgy. Malibay",Pasay,837,611.85,"?7,748.13",837,151.98,?105.89,11/28/2021,"?7,854.02",Debit Card,FALSE,10/1/2021,10/26/2021
838,Bogey MacDearmid,26,bmacdearmidn9@yale.edu,"320 Maharlika St., Brgy. Longos",Malabon,838,710.55,"?8,981.88",838,45.5,?87.75,10/28/2021,"?8,162.67",Credit Card,FALSE,12/2/2021,2/9/2021
839,Moyra Oloman,46,molomanna@homestead.com,"357 Camia St., Brgy. San Roque",Navotas,839,377.77,"?4,822.13",839,88.52,?95.08,5/6/2021,"?4,917.21",Bank Transfer,TRUE,6/30/2021,11/18/2021
840,Bill de Nore,56,bdenb@amazonaws.com,"394 Ilang-Ilang St., Brgy. Ugong",Valenzuela,840,326.68,"?4,183.50",840,440.36,?155.01,10/18/2021,"?3,904.66",Bank Transfer,FALSE,3/4/2021,3/28/2021
841,Arley Redihalgh,53,aredihalghnc@harvard.edu,"431 Sampaguita St., Brgy. Concepcion Uno",Marikina,841,768.13,"?9,701.63",841,158.51,?107.00,6/2/2021,"?9,808.63",Bank Transfer,FALSE,11/20/2021,12/27/2021
842,Clary Shalloe,38,cshalloend@sciencedaily.com,"468 Mabini St., Brgy. Kapitolyo",Pasig,842,94.98,"?1,287.25",842,20.82,?83.55,12/9/2021,"?1,233.72",Credit Card,FALSE,10/16/2021,1/6/2021
843,Tawsha Greatbach,50,tgreatbachne@ow.ly,"505 Rizal Ave., Brgy. Plainview",Mandaluyong,843,710.31,"?8,978.88",843,17.73,?83.02,12/11/2021,"?9,061.90",Bank Transfer,TRUE,10/13/2021,5/3/2021
844,Kean O'Hengerty,18,kohengertynf@reference.com,"542 Narra St., Brgy. Baclaran",Parañaque,844,570.99,"?7,237.38",844,126.33,?101.52,8/8/2021,"?6,605.01",Debit Card,FALSE,2/4/2021,6/9/2021
845,Freedman Stegers,22,fstegersng@aboutads.info,"579 Molave St., Brgy. Almanza Uno",Las Piñas,845,613.08,"?7,763.50",845,48.84,?88.32,3/10/2021,"?7,851.82",Debit Card,TRUE,3/15/2021,12/10/2021
846,Chad Bazeley,36,cbazeleynh@arizona.edu,"616 Acacia St., Brgy. Potrero",Malabon,846,838.54,"?10,581.75",846,371.47,?143.28,10/30/2021,"?9,652.53",Debit Card,FALSE,9/28/2021,12/16/2021
847,Orlando Reyner,53,oreynerni@i2i.jp,"653 Luna St., Brgy. Bagumbayan",Taguig,847,401.06,"?5,113.25",847,48.71,?88.30,7/18/2021,"?5,201.55",Bank Transfer,TRUE,8/6/2021,11/20/2021
848,Bartolemo Elph,81,belphnj@cmu.edu,"690 Bonifacio St., Brgy. Kaunlaran",Caloocan,848,180.08,"?2,351.00",848,318.45,?134.25,5/3/2021,"?2,236.73",Credit Card,FALSE,8/12/2021,4/13/2021
849,Lionel Dexter,69,ldexternk@ibm.com,"727 Kalayaan Ave., Brgy. Poblacion",Muntinlupa,849,110.56,"?1,482.00",849,163.66,?107.88,1/18/2021,"?1,589.88",Credit Card,FALSE,5/9/2021,7/31/2021
850,Mayer Casseldine,22,mcasseldinenl@nytimes.com,"764 Maharlika St., Brgy. San Pedro",Pateros,850,702.62,"?8,882.75",850,187.84,?112.00,4/17/2021,"?8,095.28",Bank Transfer,TRUE,3/7/2021,4/6/2021
851,Chet Spinelli,45,cspinellinm@gizmodo.com,"801 Camia St., Brgy. San Antonio",San Juan,851,228.33,"?2,954.13",851,137.27,?103.38,4/1/2021,"?3,057.51",Credit Card,FALSE,6/20/2021,12/11/2021
852,Kasper Legan,32,klegannn@businesswire.com,"838 Ilang-Ilang St., Brgy. Tondo",Manila,852,374.81,"?4,785.13",852,332.27,?136.60,9/23/2021,"?4,429.56",Bank Transfer,FALSE,8/30/2021,11/28/2021
853,Dasha Arundel,90,darundelno@comcast.net,"875 Sampaguita St., Brgy. Sampaloc",Manila,853,28.59,?457.38,853,289.06,?129.24,2/15/2021,?586.62,Bank Transfer,FALSE,8/23/2021,12/9/2021
854,Mychal Wooles,47,mwoolesnp@ed.gov,"912 Mabini St., Brgy. Bago Bantay",Quezon City,854,11.39,?242.38,854,177.41,?110.22,10/10/2021,?317.34,Credit Card,TRUE,11/12/2021,1/13/2021
855,Dur Beecker,99,dbeeckernq@unicef.org,"949 Rizal Ave., Brgy. Commonwealth",Quezon City,855,24.2,?402.50,855,10.8,?81.84,12/12/2021,?484.34,Bank Transfer,FALSE,7/4/2021,6/11/2021
856,Lambert Darmody,28,ldarmodynr@mtv.com,"986 Narra St., Brgy. Pembo",Taguig,856,330.68,"?4,233.50",856,345.84,?138.91,6/20/2021,"?3,935.17",Bank Transfer,FALSE,5/11/2021,4/21/2021
857,Templeton Vallender,97,tvallenderns@yolasite.com,"34 Molave St., Brgy. Western Bicutan",Taguig,857,148.2,"?1,952.50",857,255.78,?123.57,4/6/2021,"?2,076.07",Bank Transfer,TRUE,4/8/2021,10/15/2021
858,Dniren Gittus,61,dgittusnt@vinaora.com,"71 Acacia St., Brgy. Poblacion",Makati,858,412.45,"?5,255.63",858,149.21,?105.42,1/8/2021,"?4,824.95",Debit Card,FALSE,6/14/2021,12/3/2021
859,Blair Stopher,50,bstophernu@prweb.com,"108 Luna St., Brgy. Bangkal",Makati,859,442.24,"?5,628.00",859,315.08,?133.67,5/19/2021,"?5,761.67",Bank Transfer,FALSE,8/21/2021,9/12/2021
860,Flossy Grimston,99,fgrimstonnv@state.gov,"145 Bonifacio St., Brgy. Malibay",Pasay,860,698.02,"?8,825.25",860,309.47,?132.72,5/20/2021,"?8,062.17",Debit Card,TRUE,7/19/2021,8/13/2021
861,Ariela Mulvenna,66,amulvennanw@irs.gov,"182 Kalayaan Ave., Brgy. Longos",Malabon,861,153.44,"?2,018.00",861,463.66,?158.98,4/17/2021,"?2,176.98",Credit Card,FALSE,11/18/2021,8/20/2021
862,Kayne Yearn,28,kyearnnx@google.cn,"219 Maharlika St., Brgy. San Roque",Navotas,862,573.18,"?7,264.75",862,303.94,?131.77,4/14/2021,"?6,656.87",Debit Card,TRUE,6/2/2021,4/17/2021
863,Barbi Pagett,69,bpagettny@nydailynews.com,"256 Camia St., Brgy. Ugong",Valenzuela,863,78.71,"?1,083.88",863,486.45,?162.86,7/10/2021,"?1,246.74",Credit Card,FALSE,3/7/2021,5/17/2021
864,Fanchon MacCourt,37,fmaccourtnz@utexas.edu,"293 Ilang-Ilang St., Brgy. Concepcion Uno",Marikina,864,999.21,"?12,590.13",864,189.42,?112.27,11/3/2021,"?11,432.16",Debit Card,TRUE,8/20/2021,5/19/2021
865,Donn Magrane,66,dmagraneo0@angelfire.com,"330 Sampaguita St., Brgy. Kapitolyo",Pasig,865,332.87,"?4,260.88",865,253,?123.10,7/28/2021,"?4,383.98",Credit Card,TRUE,6/19/2021,10/2/2021
866,Arv Jaggard,74,ajaggardo1@dropbox.com,"367 Mabini St., Brgy. Plainview",Mandaluyong,866,651.46,"?8,243.25",866,346.89,?139.09,2/16/2021,"?7,544.11",Debit Card,FALSE,12/23/2021,2/28/2021
867,Richmound Petrovsky,43,rpetrovskyo2@arizona.edu,"404 Rizal Ave., Brgy. Baclaran",Parañaque,867,122.15,"?1,626.88",867,160.77,?107.39,2/15/2021,"?1,734.27",Credit Card,TRUE,8/10/2021,5/29/2021
868,Heidi Wait,22,hwaito3@163.com,"441 Narra St., Brgy. Almanza Uno",Las Piñas,868,386.5,"?4,931.25",868,262.6,?124.73,4/14/2021,"?4,550.38",Debit Card,TRUE,7/30/2021,1/20/2021
869,Jami Rosendahl,83,jrosendahlo4@google.fr,"478 Molave St., Brgy. Potrero",Malabon,869,553.14,"?7,014.25",869,488.36,?163.19,10/25/2021,"?7,177.44",Credit Card,TRUE,12/3/2021,6/18/2021
870,Francisca Sherlock,42,fsherlocko5@webs.com,"515 Acacia St., Brgy. Bagumbayan",Taguig,870,583.91,"?7,398.88",870,384.82,?145.55,10/5/2021,"?6,789.99",Credit Card,TRUE,12/19/2021,7/13/2021
871,Hedvig Lope,19,hlopeo6@fc2.com,"552 Luna St., Brgy. Kaunlaran",Caloocan,871,661.96,"?8,374.50",871,308.9,?132.62,3/20/2021,"?8,507.12",Credit Card,TRUE,7/31/2021,7/7/2021
872,Clive Jest,80,cjesto7@google.fr,"589 Bonifacio St., Brgy. Poblacion",Muntinlupa,872,937.02,"?11,812.75",872,98.59,?96.79,12/17/2021,"?10,718.59",Bank Transfer,TRUE,7/28/2021,5/3/2021
873,Cass Lumpkin,81,clumpkino8@illinois.edu,"626 Kalayaan Ave., Brgy. San Pedro",Pateros,873,209.14,"?2,714.25",873,216.93,?116.95,1/10/2021,"?2,831.20",Bank Transfer,FALSE,1/29/2021,10/25/2021
874,Maureene Domegan,85,mdomegano9@feedburner.com,"663 Maharlika St., Brgy. San Antonio",San Juan,874,111.47,"?1,493.38",874,313.76,?133.45,5/6/2021,"?1,464.15",Bank Transfer,TRUE,8/6/2021,4/28/2021
875,Dru Siddle,54,dsiddleoa@huffingtonpost.com,"700 Camia St., Brgy. Tondo",Manila,875,879.34,"?11,091.75",875,455.72,?157.63,6/22/2021,"?11,249.38",Debit Card,TRUE,12/24/2021,12/2/2021
876,Garreth Sargerson,39,gsargersonob@washington.edu,"737 Ilang-Ilang St., Brgy. Sampaloc",Manila,876,444.47,"?5,655.88",876,26.25,?84.47,5/28/2021,"?5,166.32",Bank Transfer,FALSE,12/1/2021,6/7/2021
877,Simone Scudamore,43,sscudamoreoc@mac.com,"774 Sampaguita St., Brgy. Bago Bantay",Quezon City,877,753.41,"?9,517.63",877,236.59,?120.30,12/17/2021,"?9,637.93",Debit Card,TRUE,1/13/2021,12/6/2021
878,Guss Deacon,99,gdeaconod@squarespace.com,"811 Mabini St., Brgy. Commonwealth",Quezon City,878,858.53,"?10,831.63",878,5.12,?80.87,5/13/2021,"?9,821.25",Debit Card,TRUE,10/11/2021,10/30/2021
879,Willie Broske,54,wbroskeoe@indiatimes.com,"848 Rizal Ave., Brgy. Pembo",Taguig,879,754.78,"?9,534.75",879,475.14,?160.94,10/26/2021,"?9,695.69",Bank Transfer,FALSE,8/6/2021,5/26/2021
880,Aluino O' Flaherty,74,aoof@cargocollective.com,"885 Narra St., Brgy. Western Bicutan",Taguig,880,526.3,"?6,678.75",880,444.39,?155.70,12/28/2021,"?6,151.01",Credit Card,FALSE,10/10/2021,3/8/2021
881,Stacey Caghan,23,scaghanog@topsy.com,"922 Molave St., Brgy. Poblacion",Makati,881,563.73,"?7,146.63",881,314.2,?133.52,12/18/2021,"?7,280.15",Bank Transfer,FALSE,6/22/2021,8/9/2021
882,Bernete Hambly,95,bhamblyoh@bigcartel.com,"959 Acacia St., Brgy. Bangkal",Makati,882,152.99,"?2,012.38",882,343.12,?138.45,7/4/2021,"?1,935.75",Credit Card,TRUE,7/27/2021,5/12/2021
883,Twila Mathan,84,tmathanoi@bizjournals.com,"996 Luna St., Brgy. Malibay",Pasay,883,705.39,"?8,917.38",883,388.9,?146.25,8/19/2021,"?9,063.63",Bank Transfer,TRUE,5/3/2021,2/15/2021
884,Mirabella Avrahamof,97,mavrahamofoj@tripod.com,"44 Bonifacio St., Brgy. Longos",Malabon,884,209.32,"?2,716.50",884,99.81,?97.00,6/8/2021,"?2,532.15",Debit Card,FALSE,2/24/2021,10/13/2021
885,Ira Olennikov,45,iolennikovok@businessweek.com,"81 Kalayaan Ave., Brgy. San Roque",Navotas,885,774.31,"?9,778.88",885,461.84,?158.67,8/23/2021,"?9,937.55",Credit Card,FALSE,12/27/2021,9/30/2021
886,Skipton Brewitt,68,sbrewittol@wikia.com,"118 Maharlika St., Brgy. Ugong",Valenzuela,886,725.6,"?9,170.00",886,496.07,?164.50,1/4/2021,"?8,401.05",Bank Transfer,FALSE,8/12/2021,12/2/2021
887,Kendra Salatino,53,ksalatinoom@telegraph.co.uk,"155 Camia St., Brgy. Concepcion Uno",Marikina,887,942.97,"?11,887.13",887,237.78,?120.50,2/26/2021,"?12,007.63",Bank Transfer,FALSE,6/21/2021,9/2/2021
888,Tadeo Ybarra,94,tybarraon@jimdo.com,"192 Ilang-Ilang St., Brgy. Kapitolyo",Pasig,888,912,"?11,500.00",888,195.75,?113.34,12/10/2021,"?10,452.01",Credit Card,TRUE,12/17/2021,3/28/2021
889,Rhiamon Lau,86,rlauoo@example.com,"229 Sampaguita St., Brgy. Plainview",Mandaluyong,889,689.05,"?8,713.13",889,367.38,?142.58,8/22/2021,"?8,855.71",Bank Transfer,FALSE,9/22/2021,6/15/2021
890,Brent Tinham,47,btinhamop@webeden.co.uk,"266 Mabini St., Brgy. Baclaran",Parañaque,890,75.36,"?1,042.00",890,319.25,?134.38,10/28/2021,"?1,058.74",Debit Card,FALSE,3/24/2021,9/6/2021
891,Dmitri Raise,45,draiseoq@sphinn.com,"303 Rizal Ave., Brgy. Almanza Uno",Las Piñas,891,364.62,"?4,657.75",891,48.94,?88.34,5/27/2021,"?4,746.09",Credit Card,TRUE,12/24/2021,6/28/2021
892,Mord Harmour,81,mharmouror@elpais.com,"340 Narra St., Brgy. Potrero",Malabon,892,71.83,?997.88,892,451.9,?156.98,3/28/2021,"?1,039.37",Debit Card,TRUE,5/27/2021,1/1/2021
893,Douglass Coltman,74,dcoltmanos@ameblo.jp,"377 Molave St., Brgy. Bagumbayan",Taguig,893,906.54,"?11,431.75",893,351.6,?139.89,3/20/2021,"?11,571.64",Debit Card,FALSE,5/13/2021,11/12/2021
894,Mauricio Antoniat,24,mantoniatot@weebly.com,"414 Acacia St., Brgy. Kaunlaran",Caloocan,894,524.35,"?6,654.38",894,425.79,?152.53,5/27/2021,"?6,126.22",Bank Transfer,TRUE,3/12/2021,6/15/2021
895,Wrennie Kingsnorth,18,wkingsnorthou@bloglines.com,"451 Luna St., Brgy. Poblacion",Muntinlupa,895,77.75,"?1,071.88",895,493.51,?164.07,6/30/2021,"?1,235.95",Debit Card,TRUE,9/6/2021,8/29/2021
896,Eartha Vischi,31,evischiov@admin.ch,"488 Bonifacio St., Brgy. San Pedro",Pateros,896,587.44,"?7,443.00",896,101.21,?97.24,3/20/2021,"?6,786.22",Bank Transfer,TRUE,7/20/2021,2/3/2021
897,Ellyn Whyley,30,ewhyleyow@cbslocal.com,"525 Kalayaan Ave., Brgy. San Antonio",San Juan,897,437.77,"?5,572.13",897,63.13,?90.75,11/5/2021,"?5,662.88",Bank Transfer,TRUE,8/19/2021,5/8/2021
898,Lilah Lambswood,77,llambswoodox@bluehost.com,"562 Maharlika St., Brgy. Tondo",Manila,898,675.48,"?8,543.50",898,446.53,?156.06,11/29/2021,"?7,829.60",Bank Transfer,TRUE,2/7/2021,4/18/2021
899,Belinda Asker,37,baskeroy@pcworld.com,"599 Camia St., Brgy. Sampaloc",Manila,899,802.4,"?10,130.00",899,140.32,?103.90,8/8/2021,"?10,233.90",Debit Card,TRUE,3/26/2021,10/28/2021
900,Anny Dashkovich,58,adashkovichoz@google.es,"636 Ilang-Ilang St., Brgy. Bago Bantay",Quezon City,900,450.11,"?5,726.38",900,486.72,?162.91,7/27/2021,"?5,300.36",Bank Transfer,FALSE,11/4/2021,4/8/2021
901,Hedi O'Leary,73,holearyp0@yahoo.com,"673 Sampaguita St., Brgy. Commonwealth",Quezon City,901,341.31,"?4,366.38",901,219.62,?117.41,2/6/2021,"?4,483.79",Debit Card,TRUE,3/14/2021,2/19/2021
902,Calla Elleray,91,cellerayp1@cam.ac.uk,"710 Mabini St., Brgy. Pembo",Taguig,902,535.35,"?6,791.88",902,486.47,?162.87,4/7/2021,"?6,259.28",Credit Card,FALSE,11/20/2021,11/6/2021
903,Melantha Marusic,40,mmarusicp2@about.me,"747 Rizal Ave., Brgy. Western Bicutan",Taguig,903,193.81,"?2,522.63",903,171,?109.13,11/23/2021,"?2,631.76",Credit Card,TRUE,9/16/2021,11/21/2021
904,Steve Mabon,98,smabonp3@foxnews.com,"784 Narra St., Brgy. Poblacion",Makati,904,397.63,"?5,070.38",904,389.79,?146.40,9/8/2021,"?4,695.10",Debit Card,TRUE,3/27/2021,4/10/2021
905,Neville Peppard,30,npeppardp4@sciencedirect.com,"821 Molave St., Brgy. Bangkal",Makati,905,665.6,"?8,420.00",905,423.96,?152.22,7/20/2021,"?8,572.22",Debit Card,TRUE,1/29/2021,7/18/2021
906,Brittney Andrusyak,32,bandrusyakp5@pcworld.com,"858 Acacia St., Brgy. Malibay",Pasay,906,921.77,"?11,622.13",906,310.54,?132.90,8/29/2021,"?10,579.53",Credit Card,FALSE,3/11/2021,11/2/2021
907,Channa Sodor,18,csodorp6@friendfeed.com,"895 Luna St., Brgy. Longos",Malabon,907,460.88,"?5,861.00",907,50.91,?88.67,2/16/2021,"?5,949.67",Credit Card,TRUE,5/10/2021,9/24/2021
908,Karlen Dmitrichenko,22,kdmitrichenkop7@ezinearticles.com,"932 Bonifacio St., Brgy. San Roque",Navotas,908,546.45,"?6,930.63",908,403.2,?148.68,10/19/2021,"?6,371.38",Debit Card,TRUE,11/12/2021,1/20/2021
909,Jaquith Madgett,63,jmadgettp8@drupal.org,"969 Kalayaan Ave., Brgy. Ugong",Valenzuela,909,710.88,"?8,986.00",909,132.37,?102.55,8/4/2021,"?9,088.55",Debit Card,TRUE,6/12/2021,5/17/2021
910,Sly Tremaine,98,stremainep9@forbes.com,"17 Maharlika St., Brgy. Concepcion Uno",Marikina,910,931.72,"?11,746.50",910,269.83,?125.96,3/7/2021,"?10,685.21",Bank Transfer,FALSE,3/20/2021,9/8/2021
911,Ollie Chalmers,24,ochalmerspa@hubpages.com,"54 Camia St., Brgy. Kapitolyo",Pasig,911,940.03,"?11,850.38",911,284.33,?128.43,4/26/2021,"?11,978.81",Credit Card,FALSE,4/19/2021,7/16/2021
912,Armstrong Cowle,64,acowlepb@redcross.org,"91 Ilang-Ilang St., Brgy. Plainview",Mandaluyong,912,705,"?8,912.50",912,498.06,?164.84,10/18/2021,"?8,169.61",Bank Transfer,FALSE,12/29/2021,1/28/2021
913,Angel Gillmor,48,agillmorpc@studiopress.com,"128 Sampaguita St., Brgy. Baclaran",Parañaque,913,487.8,"?6,197.50",913,123.43,?101.03,3/23/2021,"?6,298.53",Debit Card,TRUE,10/4/2021,5/26/2021
914,Leonore Thame,54,lthamepd@live.com,"165 Mabini St., Brgy. Almanza Uno",Las Piñas,914,298.1,"?3,826.25",914,106.02,?98.06,9/8/2021,"?3,531.88",Debit Card,FALSE,9/14/2021,7/8/2021
915,Fawn Thow,68,fthowpe@ustream.tv,"202 Rizal Ave., Brgy. Potrero",Malabon,915,838.08,"?10,576.00",915,91.14,?95.53,4/1/2021,"?10,671.53",Debit Card,FALSE,12/26/2021,5/4/2021
916,Bone Cardenosa,66,bcardenosapf@furl.net,"239 Narra St., Brgy. Bagumbayan",Taguig,916,320.27,"?4,103.38",916,459.85,?158.33,9/19/2021,"?3,835.54",Debit Card,FALSE,10/14/2021,5/26/2021
917,Nancy Spray,33,nspraypg@paypal.com,"276 Molave St., Brgy. Kaunlaran",Caloocan,917,95.95,"?1,299.38",917,336.58,?137.33,5/19/2021,"?1,436.71",Credit Card,TRUE,3/19/2021,5/29/2021
918,Ferdinanda Kemmons,37,fkemmonsph@opera.com,"313 Acacia St., Brgy. Poblacion",Muntinlupa,918,555.61,"?7,045.13",918,157.31,?106.80,11/22/2021,"?6,436.74",Bank Transfer,TRUE,3/2/2021,10/3/2021
919,Lindsey Musk,75,lmuskpi@amazonaws.com,"350 Luna St., Brgy. San Pedro",Pateros,919,967.62,"?12,195.25",919,79.48,?93.54,9/23/2021,"?12,288.79",Credit Card,TRUE,10/10/2021,6/17/2021
920,Verla Hacard,51,vhacardpj@technorati.com,"387 Bonifacio St., Brgy. San Antonio",San Juan,920,566.81,"?7,185.12",920,70.81,?92.06,6/17/2021,"?6,549.46",Credit Card,TRUE,7/19/2021,7/3/2021
921,Kory Stocks,57,kstockspk@geocities.jp,"424 Kalayaan Ave., Brgy. Tondo",Manila,921,363.81,"?4,647.63",921,453.52,?157.25,8/18/2021,"?4,804.88",Debit Card,TRUE,5/5/2021,6/20/2021
922,Murdoch Measey,94,mmeaseypl@japanpost.jp,"461 Maharlika St., Brgy. Sampaloc",Manila,922,339.16,"?4,339.50",922,197.87,?113.71,5/23/2021,"?4,007.89",Debit Card,FALSE,10/13/2021,12/17/2021
923,Elliott Pendlebury,35,ependleburypm@baidu.com,"498 Camia St., Brgy. Bago Bantay",Quezon City,923,480.14,"?6,101.75",923,275.23,?126.88,12/14/2021,"?6,228.63",Bank Transfer,FALSE,12/29/2021,4/8/2021
924,Jilli Mellenby,43,jmellenbypn@wired.com,"535 Ilang-Ilang St., Brgy. Commonwealth",Quezon City,924,244.17,"?3,152.13",924,70.67,?92.04,11/13/2021,"?2,919.75",Debit Card,TRUE,7/17/2021,7/3/2021
925,Tobias Cameli,99,tcamelipo@t-online.de,"572 Sampaguita St., Brgy. Pembo",Taguig,925,878.18,"?11,077.25",925,263.76,?124.93,10/11/2021,"?11,202.18",Debit Card,TRUE,5/27/2021,8/21/2021
926,Dyna Dike,82,ddikepp@gizmodo.com,"609 Mabini St., Brgy. Western Bicutan",Taguig,926,469.08,"?5,963.50",926,314.38,?133.55,8/2/2021,"?5,487.35",Bank Transfer,FALSE,3/22/2021,8/23/2021
927,Erich Hallford,42,ehallfordpq@wisc.edu,"646 Rizal Ave., Brgy. Poblacion",Makati,927,288.24,"?3,703.00",927,384.67,?145.53,7/20/2021,"?3,848.53",Credit Card,TRUE,12/3/2021,12/17/2021
928,Kale McNickle,83,kmcnicklepr@xrea.com,"683 Narra St., Brgy. Bangkal",Makati,928,110.2,"?1,477.50",928,114.89,?99.57,12/5/2021,"?1,419.36",Bank Transfer,TRUE,8/26/2021,8/30/2021
929,Dun Skipsea,46,dskipseaps@fema.gov,"720 Molave St., Brgy. Malibay",Pasay,929,5.37,?167.13,929,455.47,?157.59,2/26/2021,?324.72,Bank Transfer,TRUE,6/30/2021,4/23/2021
930,Moishe Poolton,64,mpooltonpt@storify.com,"757 Acacia St., Brgy. Longos",Malabon,930,942.86,"?11,885.75",930,183.98,?111.34,9/1/2021,"?10,797.38",Bank Transfer,FALSE,9/19/2021,2/1/2021
931,Amery O'Moylan,98,aomoylanpu@cpanel.net,"794 Luna St., Brgy. San Roque",Navotas,931,553.28,"?7,016.00",931,454.72,?157.46,12/18/2021,"?7,173.46",Debit Card,TRUE,7/19/2021,5/16/2021
932,Roslyn Cobain,99,rcobainpv@salon.com,"831 Bonifacio St., Brgy. Ugong",Valenzuela,932,690.2,"?8,727.50",932,46.97,?88.00,3/23/2021,"?7,933.95",Bank Transfer,FALSE,8/15/2021,11/16/2021
933,Therine Braney,36,tbraneypw@google.ru,"868 Kalayaan Ave., Brgy. Concepcion Uno",Marikina,933,733.9,"?9,273.75",933,89.23,?95.20,10/27/2021,"?9,368.95",Bank Transfer,FALSE,7/22/2021,5/11/2021
934,Randi Molson,25,rmolsonpx@rambler.ru,"905 Maharlika St., Brgy. Kapitolyo",Pasig,934,382.78,"?4,884.75",934,37.67,?86.42,10/19/2021,"?4,474.05",Credit Card,FALSE,4/9/2021,4/21/2021
935,Kelcy Troutbeck,82,ktroutbeckpy@jiathis.com,"942 Camia St., Brgy. Plainview",Mandaluyong,935,193.13,"?2,514.13",935,417.53,?151.12,4/23/2021,"?2,665.25",Debit Card,FALSE,10/14/2021,2/24/2021
936,Jade Dunklee,55,jdunkleepz@naver.com,"979 Ilang-Ilang St., Brgy. Baclaran",Parañaque,936,476.79,"?6,059.88",936,267.63,?125.59,11/18/2021,"?5,566.92",Bank Transfer,TRUE,7/4/2021,8/19/2021
937,Jeramie Brisland,34,jbrislandq0@abc.net.au,"27 Sampaguita St., Brgy. Almanza Uno",Las Piñas,937,389.09,"?4,963.63",937,319.94,?134.50,12/4/2021,"?5,098.13",Credit Card,FALSE,8/2/2021,5/20/2021
938,Lexi Donn,53,ldonnq1@weather.com,"64 Mabini St., Brgy. Potrero",Malabon,938,231.72,"?2,996.50",938,11.61,?81.98,11/20/2021,"?2,770.63",Credit Card,TRUE,2/17/2021,6/13/2021
939,Sharl Ryal,91,sryalq2@phoca.cz,"101 Rizal Ave., Brgy. Bagumbayan",Taguig,939,596.83,"?7,560.38",939,461.51,?158.62,10/14/2021,"?7,719.00",Debit Card,FALSE,7/12/2021,6/13/2021
940,Dennis Titterell,92,dtitterellq3@ft.com,"138 Narra St., Brgy. Kaunlaran",Caloocan,940,417.88,"?5,323.50",940,332.81,?136.69,8/26/2021,"?4,914.17",Debit Card,TRUE,5/3/2021,6/29/2021
941,Becki Power,19,bpowerq4@mapquest.com,"175 Molave St., Brgy. Poblacion",Muntinlupa,941,900.9,"?11,361.25",941,294.74,?130.21,6/5/2021,"?11,491.46",Debit Card,TRUE,7/5/2021,5/20/2021
942,Rees Ede,32,redeq5@blogspot.com,"212 Acacia St., Brgy. San Pedro",Pateros,942,124.6,"?1,657.50",942,421.81,?151.85,9/6/2021,"?1,628.42",Debit Card,TRUE,1/12/2021,9/7/2021
943,Penni Castelow,27,pcastelowq6@sina.com.cn,"249 Luna St., Brgy. San Antonio",San Juan,943,356.31,"?4,553.88",943,118.18,?100.13,6/28/2021,"?4,654.01",Credit Card,FALSE,6/21/2021,1/9/2021
944,Alfie Grinston,72,agrinstonq7@freewebs.com,"286 Bonifacio St., Brgy. Tondo",Manila,944,893.47,"?11,268.38",944,132.75,?102.61,10/31/2021,"?10,233.89",Bank Transfer,FALSE,12/19/2021,1/20/2021
945,Adriaens Baptie,27,abaptieq8@howstuffworks.com,"323 Kalayaan Ave., Brgy. Sampaloc",Manila,945,473.82,"?6,022.75",945,444.2,?155.67,12/30/2021,"?6,178.42",Debit Card,TRUE,11/12/2021,1/30/2021
946,Mella Umney,86,mumneyq9@japanpost.jp,"360 Maharlika St., Brgy. Bago Bantay",Quezon City,946,781.79,"?9,872.38",946,443.68,?155.58,11/9/2021,"?9,025.16",Debit Card,FALSE,12/2/2021,11/24/2021
947,Barde Doret,40,bdoretqa@alibaba.com,"397 Camia St., Brgy. Commonwealth",Quezon City,947,348.52,"?4,456.50",947,430.7,?153.37,5/6/2021,"?4,609.87",Debit Card,FALSE,3/21/2021,6/15/2021
948,Rourke Neely,57,rneelyqb@marketwatch.com,"434 Ilang-Ilang St., Brgy. Pembo",Taguig,948,794.36,"?10,029.50",948,361.4,?141.56,3/15/2021,"?9,153.95",Bank Transfer,FALSE,12/24/2021,4/12/2021
949,Rhoda Ovise,42,roviseqc@biglobe.ne.jp,"471 Sampaguita St., Brgy. Western Bicutan",Taguig,949,794.17,"?10,027.13",949,12.25,?82.09,3/27/2021,"?10,109.22",Credit Card,TRUE,5/11/2021,9/19/2021
950,Ted Osman,60,tosmanqd@freewebs.com,"508 Mabini St., Brgy. Poblacion",Makati,950,455.13,"?5,789.13",950,184.4,?111.41,11/3/2021,"?5,310.49",Credit Card,TRUE,8/12/2021,5/26/2021
951,Emilie Serraillier,92,eserraillierqe@dyndns.org,"545 Rizal Ave., Brgy. Bangkal",Makati,951,338.46,"?4,330.75",951,310.57,?132.90,10/24/2021,"?4,463.65",Bank Transfer,FALSE,5/1/2021,10/26/2021
952,Kiersten Hutchence,18,khutchenceqf@cargocollective.com,"582 Narra St., Brgy. Malibay",Pasay,952,393.07,"?5,013.38",952,121.19,?100.64,8/27/2021,"?4,602.62",Bank Transfer,FALSE,1/21/2021,10/28/2021
953,Barrie Skeemor,29,bskeemorqg@un.org,"619 Molave St., Brgy. Longos",Malabon,953,952.71,"?12,008.88",953,103.34,?97.60,8/23/2021,"?12,106.48",Credit Card,FALSE,7/21/2021,12/14/2021
954,Jewell Burkert,87,jburkertqh@about.me,"656 Acacia St., Brgy. San Roque",Navotas,954,224,"?2,900.00",954,444.1,?155.65,6/10/2021,"?2,750.09",Debit Card,TRUE,7/9/2021,4/25/2021
955,Emlynn Funnell,41,efunnellqi@unicef.org,"693 Luna St., Brgy. Ugong",Valenzuela,955,389.74,"?4,971.75",955,272.66,?126.45,9/7/2021,"?5,098.20",Credit Card,FALSE,4/29/2021,4/3/2021
956,Dene Andryushchenko,58,dandryushchenkoqj@hibu.com,"730 Bonifacio St., Brgy. Concepcion Uno",Marikina,956,501.29,"?6,366.13",956,0.79,?80.13,3/24/2021,"?5,801.63",Bank Transfer,TRUE,7/13/2021,2/2/2021
957,Minta Peracco,60,mperaccoqk@4shared.com,"767 Kalayaan Ave., Brgy. Kapitolyo",Pasig,957,312.41,"?4,005.13",957,0.35,?80.06,12/1/2021,"?4,085.19",Debit Card,TRUE,4/5/2021,5/4/2021
958,Rivalee Moscone,62,rmosconeql@amazon.co.jp,"804 Maharlika St., Brgy. Plainview",Mandaluyong,958,732.08,"?9,251.00",958,400.3,?148.19,11/6/2021,"?8,459.27",Bank Transfer,FALSE,4/15/2021,12/11/2021
959,Brianne Longstreet,93,blongstreetqm@ovh.net,"841 Camia St., Brgy. Baclaran",Parañaque,959,88.42,"?1,205.25",959,424.31,?152.28,3/27/2021,"?1,357.53",Debit Card,TRUE,8/10/2021,6/22/2021
960,Carly Resun,54,cresunqn@diigo.com,"878 Ilang-Ilang St., Brgy. Almanza Uno",Las Piñas,960,524.2,"?6,652.50",960,104.3,?97.77,12/30/2021,"?6,075.24",Bank Transfer,TRUE,3/23/2021,3/17/2021
961,Ara Bruneton,93,abrunetonqo@behance.net,"915 Sampaguita St., Brgy. Potrero",Malabon,961,58.85,?835.63,961,265.91,?125.30,10/8/2021,?960.93,Debit Card,TRUE,4/28/2021,7/4/2021
962,Miner Heisham,48,mheishamqp@feedburner.com,"952 Mabini St., Brgy. Bagumbayan",Taguig,962,935.76,"?11,797.00",962,397.63,?147.73,8/25/2021,"?10,750.26",Debit Card,FALSE,9/17/2021,12/16/2021
963,Krysta Monteath,99,kmonteathqq@geocities.jp,"989 Rizal Ave., Brgy. Kaunlaran",Caloocan,963,873.51,"?11,018.88",963,3.74,?80.64,1/13/2021,"?11,099.52",Bank Transfer,TRUE,2/17/2021,10/27/2021
964,Ciel Porte,98,cporteqr@reverbnation.com,"37 Narra St., Brgy. Poblacion",Muntinlupa,964,856.66,"?10,808.25",964,266.77,?125.44,7/12/2021,"?9,840.32",Credit Card,TRUE,4/26/2021,6/9/2021
965,Gay Sinfield,49,gsinfieldqs@free.fr,"74 Molave St., Brgy. San Pedro",Pateros,965,754.88,"?9,536.00",965,437.53,?154.53,9/19/2021,"?9,690.53",Debit Card,FALSE,5/14/2021,12/6/2021
966,Bernita Hollebon,50,bhollebonqt@privacy.gov.au,"111 Acacia St., Brgy. San Antonio",San Juan,966,773.01,"?9,762.63",966,263.84,?124.94,6/12/2021,"?8,898.81",Debit Card,FALSE,6/13/2021,6/24/2021
967,Joelie Pinnick,77,jpinnickqu@cnn.com,"148 Luna St., Brgy. Tondo",Manila,967,67.97,?949.63,967,253.19,?123.13,8/25/2021,"?1,072.76",Bank Transfer,TRUE,2/17/2021,3/21/2021
968,Welby Newcomen,24,wnewcomenqv@amazon.com,"185 Bonifacio St., Brgy. Sampaloc",Manila,968,329.34,"?4,216.75",968,17.3,?82.95,12/3/2021,"?3,869.73",Bank Transfer,FALSE,5/29/2021,2/1/2021
969,Jackie Philipsson,98,jphilipssonqw@wordpress.org,"222 Kalayaan Ave., Brgy. Bago Bantay",Quezon City,969,304.33,"?3,904.13",969,28.25,?84.81,12/5/2021,"?3,988.94",Credit Card,FALSE,10/22/2021,6/1/2021
970,Mersey Steptow,64,msteptowqx@examiner.com,"259 Maharlika St., Brgy. Commonwealth",Quezon City,970,222.66,"?2,883.25",970,308.1,?132.48,2/10/2021,"?2,714.16",Bank Transfer,TRUE,10/23/2021,1/28/2021
971,Stanislaw Skewis,35,sskewisqy@dell.com,"296 Camia St., Brgy. Pembo",Taguig,971,677.45,"?8,568.13",971,81.97,?93.96,2/13/2021,"?8,662.09",Debit Card,TRUE,1/27/2021,3/13/2021
972,Armstrong Fehner,45,afehnerqz@eepurl.com,"333 Ilang-Ilang St., Brgy. Western Bicutan",Taguig,972,96.68,"?1,308.50",972,222.76,?117.95,9/15/2021,"?1,283.81",Credit Card,FALSE,10/21/2021,12/17/2021
973,Oswald Naldrett,58,onaldrettr0@blogspot.com,"370 Sampaguita St., Brgy. Poblacion",Makati,973,757.98,"?9,574.75",973,106.15,?98.08,4/26/2021,"?9,672.83",Debit Card,FALSE,3/26/2021,6/20/2021
974,Isidor Zannelli,90,izannellir1@cisco.com,"407 Mabini St., Brgy. Bangkal",Makati,974,83.98,"?1,149.75",974,232.58,?119.62,9/16/2021,"?1,142.43",Debit Card,TRUE,2/8/2021,9/9/2021
975,Karilynn Letty,35,klettyr2@tripadvisor.com,"444 Rizal Ave., Brgy. Malibay",Pasay,975,518,"?6,575.00",975,398.22,?147.83,1/16/2021,"?6,722.83",Debit Card,FALSE,3/26/2021,1/27/2021
976,Sabina Yakuntzov,99,syakuntzovr3@paypal.com,"481 Narra St., Brgy. Longos",Malabon,976,618.9,"?7,836.25",976,487.41,?163.03,12/7/2021,"?7,199.35",Debit Card,FALSE,11/15/2021,10/11/2021
977,Killian Lindwasser,96,klindwasserr4@jugem.jp,"518 Molave St., Brgy. San Roque",Navotas,977,866.91,"?10,936.38",977,491,?163.64,2/10/2021,"?11,100.02",Debit Card,TRUE,5/13/2021,2/7/2021
978,Glynis Roth,20,grothr5@clickbank.net,"555 Acacia St., Brgy. Ugong",Valenzuela,978,275.49,"?3,543.63",978,483.42,?162.35,3/4/2021,"?3,335.38",Debit Card,FALSE,5/18/2021,8/26/2021
979,Sosanna Krimmer,62,skrimmerr6@shutterfly.com,"592 Luna St., Brgy. Concepcion Uno",Marikina,979,57.41,?817.63,979,224.13,?118.18,2/14/2021,?935.81,Credit Card,TRUE,5/23/2021,1/10/2021
980,Josephina Allwell,19,jallwellr7@nytimes.com,"629 Bonifacio St., Brgy. Kapitolyo",Pasig,980,725.61,"?9,170.13",980,153.79,?106.20,8/28/2021,"?8,348.70",Bank Transfer,TRUE,5/22/2021,8/9/2021
981,Matty Darracott,73,mdarracottr8@thetimes.co.uk,"666 Kalayaan Ave., Brgy. Plainview",Mandaluyong,981,609.61,"?7,720.13",981,354.89,?140.45,4/16/2021,"?7,860.58",Debit Card,TRUE,11/16/2021,5/23/2021
982,Rene Chatten,88,rchattenr9@liveinternet.ru,"703 Maharlika St., Brgy. Baclaran",Parañaque,982,356.02,"?4,550.25",982,472.91,?160.56,11/17/2021,"?4,239.73",Credit Card,TRUE,3/24/2021,1/24/2021
983,Emilio Flude,60,efludera@mediafire.com,"740 Camia St., Brgy. Almanza Uno",Las Piñas,983,36.11,?551.38,983,313.19,?133.35,6/22/2021,?684.73,Credit Card,FALSE,4/19/2021,7/1/2021
984,Jorie Scouller,37,jscoullerrb@dailymotion.com,"777 Ilang-Ilang St., Brgy. Potrero",Malabon,984,221.06,"?2,863.25",984,190.12,?112.39,1/21/2021,"?2,678.08",Debit Card,FALSE,12/23/2021,7/19/2021
985,Alicea Lightowlers,20,alightowlersrc@nsw.gov.au,"814 Sampaguita St., Brgy. Bagumbayan",Taguig,985,802.57,"?10,132.13",985,199.39,?113.96,11/7/2021,"?10,246.09",Credit Card,TRUE,12/13/2021,9/4/2021
986,Graham Pither,39,gpitherrd@admin.ch,"851 Mabini St., Brgy. Kaunlaran",Caloocan,986,973.14,"?12,264.25",986,276.24,?127.06,4/22/2021,"?11,152.18",Debit Card,TRUE,10/19/2021,10/29/2021
987,Torrance Ridder,98,tridderre@php.net,"888 Rizal Ave., Brgy. Poblacion",Muntinlupa,987,568.4,"?7,205.00",987,415.94,?150.85,9/23/2021,"?7,355.85",Bank Transfer,TRUE,3/25/2021,7/30/2021
988,Patty Turnor,96,pturnorrf@foxnews.com,"925 Narra St., Brgy. San Pedro",Pateros,988,993.29,"?12,516.13",988,362.91,?141.82,11/10/2021,"?11,392.16",Debit Card,FALSE,11/3/2021,3/12/2021
989,Issie Blacker,61,iblackerrg@163.com,"962 Molave St., Brgy. San Antonio",San Juan,989,49.17,?714.63,989,351.46,?139.87,5/17/2021,?854.50,Credit Card,TRUE,1/19/2021,4/18/2021
990,Matthus Barneville,50,mbarnevillerh@simplemachines.org,"10 Acacia St., Brgy. Tondo",Manila,990,825.14,"?10,414.25",990,162.03,?107.60,10/30/2021,"?9,469.67",Debit Card,FALSE,2/28/2021,1/29/2021
991,Hagen Roskruge,92,hroskrugeri@bing.com,"47 Luna St., Brgy. Sampaloc",Manila,991,314.41,"?4,030.13",991,341.98,?138.25,1/12/2021,"?4,168.38",Bank Transfer,FALSE,8/6/2021,8/9/2021
992,Ken Stobo,54,kstoborj@ow.ly,"84 Bonifacio St., Brgy. Bago Bantay",Quezon City,992,144.89,"?1,911.12",992,453.1,?157.18,3/12/2021,"?1,861.47",Credit Card,TRUE,9/3/2021,8/7/2021
993,Claudine De Ath,43,cderk@shop-pro.jp,"121 Kalayaan Ave., Brgy. Commonwealth",Quezon City,993,0.86,?110.75,993,371.66,?143.31,1/31/2021,?254.06,Debit Card,TRUE,6/16/2021,12/7/2021
994,Benedict Midgley,86,bmidgleyrl@discovery.com,"158 Maharlika St., Brgy. Pembo",Taguig,994,742.66,"?9,383.25",994,477.29,?161.30,5/15/2021,"?8,590.09",Debit Card,TRUE,3/21/2021,3/14/2021
995,Grace Heyfield,76,gheyfieldrm@yolasite.com,"195 Camia St., Brgy. Western Bicutan",Taguig,995,596.1,"?7,551.25",995,98.26,?96.74,5/18/2021,"?7,647.99",Debit Card,TRUE,2/12/2021,7/23/2021
996,Lester Boyfield,84,lboyfieldrn@freewebs.com,"232 Ilang-Ilang St., Brgy. Poblacion",Makati,996,603.32,"?7,641.50",996,95.6,?96.28,9/3/2021,"?6,964.00",Debit Card,FALSE,1/17/2021,4/16/2021
997,Annie Goggins,76,agogginsro@earthlink.net,"269 Sampaguita St., Brgy. Bangkal",Makati,997,144.38,"?1,904.75",997,1.81,?80.31,5/25/2021,"?1,985.06",Credit Card,TRUE,11/5/2021,5/14/2021
998,Ogdan Charlewood,73,ocharlewoodrp@tiny.cc,"306 Mabini St., Brgy. Malibay",Pasay,998,149.9,"?1,973.75",998,247.57,?122.17,10/1/2021,"?1,886.33",Debit Card,FALSE,1/28/2021,7/3/2021
999,Gloriane Althrop,60,galthroprq@time.com,"343 Rizal Ave., Brgy. Longos",Malabon,999,555.48,"?7,043.50",999,364.35,?142.06,12/17/2021,"?7,185.56",Credit Card,TRUE,7/6/2021,8/12/2021
1000,Lazarus Ivanishin,60,livanishinrr@sitemeter.com,"380 Narra St., Brgy. San Roque",Navotas,1000,81.44,"?1,118.00",1000,151.21,?105.76,1/12/2021,"?1,101.38",Debit Card,TRUE,6/16/2021,2/20/2021
